"tract","Name","Employment_Rate_rP_gP_pall"
6037572100,"Wrigley, Long Beach, CA",0.857
6037980014,"Los Angeles County, CA",0.8488
6037620301,"Manhattan Beach, CA",0.8307
6037554522,"Cerritos, CA",0.8267
6037481300,"Rosemead, CA",0.8236
6037482702,"South Montebello, Monterey Park, CA",0.8225
6037530005,"South Montebello, Montebello, CA",0.8221
6037600501,"Inglewood, CA",0.822
6037482001,"Monterey Park, CA",0.8216
6037501900,"East Whitter, Whittier, CA",0.8205
6037432902,"Rosemead, CA",0.8184
6037195600,"Los Angeles, CA",0.8163
6037432201,"Rosemead, CA",0.815
6037650101,"Northeast Torrance, Torrance, CA",0.8144
6037241300,"Harbor Gateway North, Los Angeles, CA",0.8139
6037555202,"El Dorado, Long Beach, CA",0.8108
6037502200,"Whittier, CA",0.8108
6037501700,"East Whitter, Whittier, CA",0.8101
6037530003,"South Montebello, Montebello, CA",0.8101
6037481606,"Alhambra, CA",0.8098
6037501600,"Whittier, CA",0.8096
6037481603,"Alhambra, CA",0.8095
6037601301,"Inglewood, CA",0.8095
6037432300,"El Monte City, El Monte, CA",0.8092
6037206050,"Central LA, Los Angeles, CA",0.8079
6037554517,"Cerritos, CA",0.8077
6037603703,"Hawthorne, CA",0.8077
6037554521,"Cerritos, CA",0.8066
6037481800,"Alhambra, CA",0.8064
6037650200,"Northwest Torrance, Torrance, CA",0.8061
6037533106,"Huntington Park, CA",0.8056
6037533203,"Huntington Park, CA",0.8052
6037554518,"Cerritos, CA",0.8052
6037573700,"Carson Park, Long Beach, CA",0.805
6037543503,"Torrance, CA",0.8045
6037482800,"South Montebello, Monterey Park, CA",0.8037
6037199120,"Montecito Heights, Los Angeles, CA",0.8037
6037482502,"Garvey, Rosemead, CA",0.8034
6037210010,"Central LA, Los Angeles, CA",0.8034
6037572001,"Bixby Knolls, Long Beach, CA",0.8029
6037291300,"Harbor, Gardena, CA",0.8024
6037195803,"Silver Lake, Los Angeles, CA",0.8016
6037620201,"Manhattan Beach, CA",0.8012
6037603500,"Gardena, CA",0.8005
6037570800,"Lakewood, CA",0.8002
6037481500,"Alhambra, CA",0.8002
6037212306,"Central LA, Los Angeles, CA",0.8001
6037570003,"Lakewood, CA",0.7998
6037550400,"Downey, CA",0.7995
6037482402,"Garvey, Rosemead, CA",0.7991
6059110109,"Cypress, CA",0.799
6037534501,"Huntington Park, CA",0.7988
6037543903,"Carson, CA",0.7988
6037620305,"Manhattan Beach, CA",0.7987
6037600703,"Morningside Park, Inglewood, CA",0.7961
6037620800,"Manhattan Beach, CA",0.7958
6037207101,"Central LA, Los Angeles, CA",0.7958
6037199202,"Montecito Heights, Los Angeles, CA",0.7956
6037650603,"Torrance, CA",0.7952
6037220100,"South Los Angeles, Los Angeles, CA",0.795
6037550800,"Downey, CA",0.7949
6037620501,"North Redondo, Redondo Beach, CA",0.7948
6037620901,"Manhattan Beach, CA",0.7948
6037554515,"Cerritos, CA",0.7941
6037433306,"El Monte, CA",0.7939
6037543701,"Carson, CA",0.7939
6037482600,"Garvey, Monterey Park, CA",0.7937
6059110304,"Buena Park, CA",0.7931
6059110302,"Buena Park, CA",0.793
6037224410,"South Los Angeles, Los Angeles, CA",0.7928
6037503104,"Whittier, CA",0.7924
6037480901,"Alhambra, CA",0.7924
6037224700,"South Los Angeles, Los Angeles, CA",0.7922
6037276000,"Westchester, Los Angeles, CA",0.7918
6037432102,"Temple City, CA",0.7916
6037207102,"Central LA, Los Angeles, CA",0.7915
6037502601,"El Rancho, Pico Rivera, CA",0.7915
6037481902,"Alhambra, CA",0.7915
6037201503,"Northeast Los Angeles, Los Angeles, CA",0.7912
6037502500,"El Rancho, Pico Rivera, CA",0.7912
6059110116,"La Palma, CA",0.7911
6037530301,"East Los Angeles, CA",0.7906
6037482102,"Monterey Park, CA",0.7904
6037481714,"Monterey Park, CA",0.7904
6037701100,"West Los Angeles, Los Angeles, CA",0.79
6037570901,"Lakewood, CA",0.79
6037571503,"Bixby North, Long Beach, CA",0.7899
6037197200,"Echo Park, Los Angeles, CA",0.7899
6037201601,"Northeast Los Angeles, Los Angeles, CA",0.7895
6037502401,"El Rancho, Pico Rivera, CA",0.7895
6037570701,"Lakewood Mutual, Lakewood, CA",0.7895
6037503402,"East Whitter, Whittier, CA",0.7892
6037543601,"Carson, CA",0.7891
6037552602,"Norwalk, CA",0.7889
6037503601,"La Mirada, CA",0.7887
6037570100,"Ramona Park, Long Beach, CA",0.7886
6037620400,"Manhattan Beach, CA",0.7884
6037554511,"Cerritos, CA",0.788
6037504001,"La Mirada, CA",0.7878
6059110118,"Cypress, CA",0.7878
6037276500,"Westchester, Los Angeles, CA",0.7878
6037502005,"East Whitter, Whittier, CA",0.7874
6037501200,"Whittier, CA",0.787
6037192520,"Central LA, Los Angeles, CA",0.787
6037500202,"East Whitter, Whittier, CA",0.7869
6037197420,"Echo Park, Los Angeles, CA",0.7869
6037191710,"Central LA, Los Angeles, CA",0.7867
6037621102,"Hermosa Beach, CA",0.7866
6037535604,"South Gate, CA",0.7865
6037602302,"HollyGlen, Hawthorne, CA",0.7864
6037191820,"Central LA, Los Angeles, CA",0.7861
6037481605,"Alhambra, CA",0.786
6037503802,"La Mirada, CA",0.786
6037571900,"Bixby Knolls, Long Beach, CA",0.7857
6037209403,"Central LA, Los Angeles, CA",0.7856
6037502901,"East Whitter, Whittier, CA",0.785
6037650605,"Delthorne, Torrance, CA",0.785
6037554514,"Cerritos, CA",0.7848
6037620101,"El Segundo, CA",0.7847
6037571400,"Lakewood Mutual, Lakewood, CA",0.7847
6037187102,"Atwater Village, Los Angeles, CA",0.7845
6037570902,"Lakewood, CA",0.7842
6037481201,"Temple City, CA",0.7842
6037432500,"El Monte City, El Monte, CA",0.7839
6037551502,"Downey, CA",0.7833
6037433802,"South El Monte, CA",0.783
6037502402,"El Rancho, Pico Rivera, CA",0.783
6037271500,"Mar Vista, Los Angeles, CA",0.7829
6037192620,"Central LA, Los Angeles, CA",0.7826
6037620602,"North Redondo, Redondo Beach, CA",0.7824
6059110301,"Buena Park, CA",0.7822
6037602301,"Hawthorne, CA",0.7821
6037504002,"La Mirada, CA",0.782
6037481401,"San Gabriel, CA",0.7815
6037571102,"Lakewood, CA",0.7815
6037269300,"Cheviot Hills, Los Angeles, CA",0.7812
6037573601,"South of Conant, Long Beach, CA",0.781
6037197500,"Echo Park, Los Angeles, CA",0.7807
6037213401,"Central LA, Los Angeles, CA",0.7806
6037501802,"Whittier, CA",0.7803
6037541001,"Gardena, CA",0.78
6037551800,"Downey, CA",0.7799
6037570502,"Grant, Long Beach, CA",0.7793
6037204300,"Boyle Heights, Los Angeles, CA",0.7792
6037276400,"Westchester, Los Angeles, CA",0.779
6059110117,"Cypress, CA",0.779
6037482202,"Garvey, Monterey Park, CA",0.7788
6037209402,"Central LA, Los Angeles, CA",0.7786
6037432700,"El Monte City, El Monte, CA",0.7784
6037573800,"Carson Park, Long Beach, CA",0.7783
6037481001,"Alhambra, CA",0.7781
6037554516,"Cerritos, CA",0.778
6037535606,"South Gate, CA",0.7779
6037480903,"Alhambra, CA",0.7776
6037650004,"Northwest Torrance, Torrance, CA",0.7776
6037543304,"Carson, CA",0.7775
6037273100,"Venice, Los Angeles, CA",0.7775
6037482503,"Garvey, Rosemead, CA",0.7774
6037482101,"Monterey Park, CA",0.7773
6059110115,"La Palma, CA",0.7772
6037571000,"Lakewood, CA",0.777
6037531102,"Los Angeles, CA",0.7769
6037278001,"Westchester, Los Angeles, CA",0.7769
6037500300,"Whittier, CA",0.7768
6037432901,"Rosemead, CA",0.7766
6037201504,"Northeast Los Angeles, Los Angeles, CA",0.7763
6037277000,"Westchester, Los Angeles, CA",0.7763
6059110303,"Buena Park, CA",0.7763
6037501002,"Whittier, CA",0.7761
6037199800,"Northeast Los Angeles, Los Angeles, CA",0.776
6037570702,"Lakewood Mutual, Lakewood, CA",0.7753
6037701201,"North of Montana, Santa Monica, CA",0.7753
6037433101,"El Monte City, El Monte, CA",0.7752
6037603302,"Gardena, CA",0.7752
6037543322,"Carson, CA",0.7751
6037555103,"Lakewood, CA",0.7749
6037650401,"Madrona, Torrance, CA",0.7747
6037543801,"Carson, CA",0.7745
6037211500,"Central LA, Los Angeles, CA",0.7744
6037271400,"Mar Vista, Los Angeles, CA",0.7743
6059110111,"Cypress, CA",0.7741
6037201602,"Northeast Los Angeles, Los Angeles, CA",0.774
6037502602,"El Rancho, Pico Rivera, CA",0.7739
6037703002,"Los Angeles, CA",0.7739
6037201700,"Northeast Los Angeles, Los Angeles, CA",0.7737
6037222100,"South Los Angeles, Los Angeles, CA",0.7737
6037543306,"Carson, CA",0.7737
6037601212,"Inglewood, CA",0.7736
6037500900,"El Rancho, Pico Rivera, CA",0.7735
6037552001,"Norwalk, CA",0.7735
6037214502,"Central LA, Los Angeles, CA",0.7734
6037500403,"El Rancho, Pico Rivera, CA",0.7732
6059110102,"La Palma, CA",0.7732
6037408302,"Whittier, CA",0.7732
6037554600,"Norwalk, CA",0.7731
6037503202,"East Whitter, Whittier, CA",0.773
6037502301,"Whittier, CA",0.773
6037554101,"Bellflower, CA",0.7729
6037571200,"Lakewood Village, Long Beach, CA",0.7726
6037530203,"South Montebello, Montebello, CA",0.7725
6037502100,"Whittier, CA",0.7723
6037650702,"Southwood, Torrance, CA",0.7719
6037192610,"Central LA, Los Angeles, CA",0.7717
6037502801,"Santa Fe Springs, CA",0.7716
6037201200,"Northeast Los Angeles, Los Angeles, CA",0.7716
6037650701,"Southwood, Torrance, CA",0.7714
6037211803,"Central LA, Los Angeles, CA",0.7714
6037482002,"Monterey Park, CA",0.7713
6037532001,"South Montebello, Montebello, CA",0.7712
6037535605,"South Gate, CA",0.7708
6037553901,"Paramount, CA",0.7706
6037262301,"Los Angeles, CA",0.7706
6059110104,"Cypress, CA",0.7705
6037530602,"Los Angeles, CA",0.7704
6037544001,"Carson, CA",0.7704
6037650102,"Northwest Torrance, Torrance, CA",0.7704
6037551700,"Downey, CA",0.7703
6037551000,"Downey, CA",0.77
6037503103,"Whittier, CA",0.7699
6037434004,"El Monte, CA",0.7699
6037570402,"Coolidge Triangle, Long Beach, CA",0.7699
6037234000,"Leimert Park, Los Angeles, CA",0.7699
6037536102,"South Gate, CA",0.7698
6037552301,"Norwalk, CA",0.7697
6037603600,"Gardena, CA",0.7696
6037503602,"La Mirada, CA",0.7695
6037275400,"Los Angeles, CA",0.7695
6037551201,"Downey, CA",0.7693
6037199300,"Montecito Heights, Los Angeles, CA",0.7693
6037650901,"Old Town Torrance, Torrance, CA",0.7693
6037554802,"Artesia, CA",0.7693
6037262302,"Brentwood, Los Angeles, CA",0.7693
6037620102,"El Segundo, CA",0.7692
6037650902,"Old Town Torrance, Torrance, CA",0.7688
6037212701,"Central LA, Los Angeles, CA",0.7687
6037543501,"Carson, CA",0.7687
6037481712,"Garvey, Monterey Park, CA",0.7685
6037503502,"East Whitter, Whittier, CA",0.7684
6037620521,"North Redondo, Redondo Beach, CA",0.7684
6037702802,"McLaughlin, Los Angeles, CA",0.768
6037571300,"Lakewood, CA",0.768
6037291130,"Harbor, Gardena, CA",0.768
6037543502,"Torrance, CA",0.7679
6037211420,"Central LA, Los Angeles, CA",0.7678
6037602404,"Hawthorne, CA",0.7677
6037500800,"El Rancho, Pico Rivera, CA",0.7677
6037503201,"East Whitter, Whittier, CA",0.7677
6037482701,"South Montebello, Monterey Park, CA",0.7676
6037554512,"Cerritos, CA",0.7675
6037534203,"South Montebello, Bell Gardens, CA",0.7674
6037433602,"Garvey, Rosemead, CA",0.7671
6037207103,"Central LA, Los Angeles, CA",0.7671
6037501501,"Whittier, CA",0.7671
6037530102,"South Montebello, Montebello, CA",0.767
6037221601,"Jefferson, Los Angeles, CA",0.7669
6037620001,"El Segundo, CA",0.7669
6037433601,"Garvey, Rosemead, CA",0.7666
6037204410,"Central LA, Los Angeles, CA",0.7666
6037602700,"Hawthorne, CA",0.7665
6037482522,"South Montebello, Montebello, CA",0.7664
6037195400,"Silver Lake, Los Angeles, CA",0.7663
6037501300,"Whittier, CA",0.7662
6037552100,"Norwalk, CA",0.7661
6037275603,"Culver City, CA",0.766
6037533902,"South Montebello, Bell Gardens, CA",0.7659
6037199700,"Central LA, Los Angeles, CA",0.7659
6037203710,"Boyle Heights, Los Angeles, CA",0.7659
6037550602,"Downey, CA",0.7658
6037552002,"Norwalk, CA",0.7658
6037621104,"Hermosa Beach, CA",0.7657
6037530004,"South Montebello, Montebello, CA",0.7655
6037703200,"View Park, View Park-Windsor Hills, CA",0.7653
6037216300,"Central LA, Los Angeles, CA",0.7652
6037571704,"Addams, Long Beach, CA",0.7652
6037535701,"South Gate, CA",0.7649
6037482304,"Garvey, Rosemead, CA",0.7646
6037503302,"East Whitter, Whittier, CA",0.7646
6037554900,"Artesia, CA",0.7645
6037550100,"Norwalk, CA",0.7643
6037192300,"Central LA, Los Angeles, CA",0.7643
6037600801,"Morningside Park, Inglewood, CA",0.7642
6037650501,"West Torrance, Torrance, CA",0.7639
6037571101,"Lakewood, CA",0.7638
6037620701,"North Redondo, Redondo Beach, CA",0.7633
6037551402,"Downey, CA",0.7631
6037554513,"Cerritos, CA",0.7631
6037481711,"Monterey Park, CA",0.763
6037274202,"Venice, Marina del Rey, CA",0.763
6037532102,"South Montebello, Montebello, CA",0.763
6037553300,"Bellflower, CA",0.7629
6037651102,"Torrance Heights Civic, Torrance, CA",0.7628
6037276603,"Playa del Rey, Los Angeles, CA",0.7628
6037503501,"East Whitter, Whittier, CA",0.7628
6037208610,"Central LA, Los Angeles, CA",0.7627
6037554201,"Bellflower, CA",0.7624
6037650604,"Delthorne, Torrance, CA",0.7624
6037212800,"Central LA, Los Angeles, CA",0.7623
6037621301,"South Redondo, Redondo Beach, CA",0.7622
6037208802,"Central LA, Los Angeles, CA",0.7622
6037530202,"South Montebello, Montebello, CA",0.7622
6037481713,"Monterey Park, CA",0.762
6037553200,"Bellflower, CA",0.7618
6037191410,"Central LA, Los Angeles, CA",0.7618
6037533501,"Huntington Park, CA",0.7617
6037197700,"Echo Park, Los Angeles, CA",0.7617
6037533806,"Bell, CA",0.7614
6037432601,"El Monte City, El Monte, CA",0.7614
6037534700,"Huntington Park, CA",0.7614
6037500700,"El Rancho, Pico Rivera, CA",0.7614
6037270200,"Palms, Los Angeles, CA",0.7614
6037650502,"West Torrance, Torrance, CA",0.7613
6037480902,"Alhambra, CA",0.7613
6037554406,"Bellflower, CA",0.7613
6037213320,"Central LA, Los Angeles, CA",0.7612
6037554519,"Cerritos, CA",0.761
6037481402,"San Gabriel, CA",0.7609
6037702600,"Culver City, CA",0.7608
6037211000,"Central LA, Los Angeles, CA",0.7607
6037602004,"Inglewood, CA",0.7606
6037408402,"La Puente, CA",0.7606
6037481901,"Alhambra, CA",0.7606
6037276604,"Playa del Rey, Los Angeles, CA",0.7603
6037239502,"South Los Angeles, Los Angeles, CA",0.7602
6037535901,"South Gate, CA",0.7601
6037603101,"Gardena, CA",0.7601
6037432602,"El Monte City, El Monte, CA",0.76
6037185320,"Northeast Los Angeles, Los Angeles, CA",0.7597
6037535002,"South Los Angeles, Los Angeles, CA",0.7595
6037269800,"Castle Heights, Los Angeles, CA",0.7595
6037276601,"Playa del Rey, Los Angeles, CA",0.7594
6037552200,"Norwalk, CA",0.7593
6037482401,"Garvey, Rosemead, CA",0.7592
6037195500,"Silver Lake, Los Angeles, CA",0.759
6037702002,"Ocean Park, Santa Monica, CA",0.7588
6037544002,"Long Beach, CA",0.7587
6037191610,"Central LA, Los Angeles, CA",0.7586
6037213202,"Central LA, Los Angeles, CA",0.7583
6037536103,"South Gate, CA",0.7582
6037408303,"Whittier, CA",0.7582
6037570002,"Lakewood, CA",0.7582
6037601600,"Inglewood, CA",0.7582
6037600912,"Inglewood, CA",0.7579
6037533502,"Huntington Park, CA",0.7578
6037265410,"Los Angeles, CA",0.7575
6037432202,"Rosemead, CA",0.7574
6037551900,"Norwalk, CA",0.7573
6037572400,"Upper Westside, Long Beach, CA",0.757
6037275101,"Culver City, CA",0.7568
6037550202,"Norwalk, CA",0.7568
6037503301,"East Whitter, Whittier, CA",0.7567
6037236000,"Baldwin Hills, Los Angeles, CA",0.7567
6037211121,"Central LA, Los Angeles, CA",0.7566
6037551401,"Downey, CA",0.7564
6037219010,"South Los Angeles, Los Angeles, CA",0.7564
6037530902,"Los Angeles, CA",0.7564
6037530700,"Los Angeles, CA",0.7564
6037262200,"Bel Air, Los Angeles, CA",0.7562
6037531701,"South Montebello, East Los Angeles, CA",0.7562
6037500600,"El Rancho, Pico Rivera, CA",0.7558
6037570001,"Lakewood, CA",0.7558
6037552700,"Norwalk, CA",0.7558
6037535702,"South Gate, CA",0.7554
6037195710,"Los Angeles, CA",0.7554
6037480802,"Alhambra, CA",0.7554
6037195902,"Silver Lake, Los Angeles, CA",0.7554
6037199201,"Montecito Heights, Los Angeles, CA",0.755
6037543602,"Torrance, CA",0.755
6037534403,"Cudahy, CA",0.755
6037231720,"South Figueroa Corridor, Los Angeles, CA",0.7548
6037535803,"South Gate, CA",0.7548
6037271300,"Mar Vista, Los Angeles, CA",0.7548
6037237101,"South Figueroa Corridor, Los Angeles, CA",0.7546
6037211701,"Central LA, Los Angeles, CA",0.7545
6037572500,"West Side, Long Beach, CA",0.7544
6059110202,"Southwest Anaheim, Buena Park, CA",0.7541
6037191810,"Central LA, Los Angeles, CA",0.7541
6037219500,"South Los Angeles, Los Angeles, CA",0.7541
6037651101,"Torrance, CA",0.7539
6037571800,"Bixby Knolls, Long Beach, CA",0.7537
6037212420,"Central LA, Los Angeles, CA",0.7536
6037530601,"Los Angeles, CA",0.7536
6037197300,"Echo Park, Los Angeles, CA",0.7536
6037219902,"Los Angeles, CA",0.7536
6037201301,"Montecito Heights, Los Angeles, CA",0.7535
6037197410,"Echo Park, Los Angeles, CA",0.7534
6037554700,"Norwalk, CA",0.7534
6037218500,"Central LA, Los Angeles, CA",0.7533
6037603801,"Lawndale, CA",0.7531
6037534404,"Cudahy, CA",0.7531
6037543321,"Carson, CA",0.753
6037533503,"Huntington Park, CA",0.753
6037221210,"Central LA, Los Angeles, CA",0.7528
6037204110,"Boyle Heights, Los Angeles, CA",0.7528
6037482301,"Garvey, San Gabriel, CA",0.7527
6037533702,"Maywood, CA",0.7527
6037264301,"Brentwood, Los Angeles, CA",0.7526
6037570501,"Jordan, Long Beach, CA",0.7525
6037531301,"Los Angeles, CA",0.7524
6037550201,"Norwalk, CA",0.7523
6037532304,"South Montebello, Commerce, CA",0.7522
6037651201,"Seaside, Torrance, CA",0.7521
6037434003,"El Monte, CA",0.752
6037209520,"Central LA, Los Angeles, CA",0.7519
6037650001,"Torrance, CA",0.7517
6037555104,"Lakewood, CA",0.7516
6037293201,"Harbor, Torrance, CA",0.7515
6037206010,"Central LA, Los Angeles, CA",0.7514
6037224320,"Central LA, Los Angeles, CA",0.7514
6037534001,"South Montebello, Bell Gardens, CA",0.7512
6037531504,"East Los Angeles, CA",0.7511
6037201402,"Northeast Los Angeles, Los Angeles, CA",0.7511
6037552800,"Norwalk, CA",0.7509
6037269906,"Palms, Los Angeles, CA",0.7509
6037482303,"Garvey, Rosemead, CA",0.7507
6037235201,"Park Mesa Heights, Los Angeles, CA",0.7505
6037194402,"Beverly Grove, Los Angeles, CA",0.7504
6037218800,"Central LA, Los Angeles, CA",0.7503
6037650300,"Northwest Torrance, Torrance, CA",0.7503
6037235100,"Park Mesa Heights, Los Angeles, CA",0.7501
6037702400,"Lucerne - Higuera, Culver City, CA",0.75
6037603702,"Lawndale, CA",0.7499
6037211704,"Central LA, Los Angeles, CA",0.7498
6037550700,"Downey, CA",0.7496
6037271600,"Mar Vista, Los Angeles, CA",0.7495
6037502700,"Santa Fe Springs, CA",0.7495
6037602103,"Hawthorne, CA",0.7493
6037480803,"Alhambra, CA",0.7492
6037503901,"La Mirada, CA",0.7489
6037191420,"Central LA, Los Angeles, CA",0.7489
6037433700,"South El Monte, CA",0.7488
6037570602,"Harte, Long Beach, CA",0.7486
6037534804,"Huntington Park, CA",0.7485
6037531603,"East Los Angeles, CA",0.7485
6059110500,"Buena Park, CA",0.7484
6037195903,"Silver Lake, Los Angeles, CA",0.7483
6037504101,"La Mirada, CA",0.7481
6037552302,"Norwalk, CA",0.7481
6037432401,"El Monte City, El Monte, CA",0.748
6037550300,"Norwalk, CA",0.748
6037530204,"South Montebello, Montebello, CA",0.7479
6037237202,"South Los Angeles, Los Angeles, CA",0.7478
6037601401,"Inglewood, CA",0.7478
6037221220,"Central LA, Los Angeles, CA",0.7477
6037554001,"Bellflower, CA",0.7476
6037554405,"Bellflower, CA",0.7476
6037550000,"Norwalk, CA",0.7476
6037500404,"El Rancho, Pico Rivera, CA",0.7474
6037482521,"South Montebello, Rosemead, CA",0.7474
6037571504,"Bixby Knolls, Long Beach, CA",0.7471
6037503106,"Whittier, CA",0.747
6037552900,"Norwalk, CA",0.7469
6037621324,"South Redondo, Redondo Beach, CA",0.7468
6037201501,"Northeast Los Angeles, Los Angeles, CA",0.7466
6037239601,"South Los Angeles, Los Angeles, CA",0.7466
6037503902,"La Mirada, CA",0.7465
6037601900,"Inglewood, CA",0.7464
6037702102,"Ocean Park, Santa Monica, CA",0.7462
6059110110,"Cypress, CA",0.7462
6037530006,"South Montebello, Montebello, CA",0.7461
6037269907,"Palms, Los Angeles, CA",0.746
6037211921,"Central LA, Los Angeles, CA",0.746
6037195802,"Central LA, Los Angeles, CA",0.7459
6037222001,"Jefferson, Los Angeles, CA",0.7459
6037533901,"South Montebello, Bell Gardens, CA",0.7459
6037702803,"Los Angeles, CA",0.7458
6037602402,"Hawthorne, CA",0.7457
6037408301,"Bassett, Avocado Heights, CA",0.7457
6037503105,"Whittier, CA",0.7456
6037536000,"South Gate, CA",0.7456
6037601002,"Inglewood, CA",0.7456
6037502302,"Whittier, CA",0.7454
6037208501,"Central LA, Los Angeles, CA",0.7453
6037535607,"South Gate, CA",0.7452
6037600911,"Inglewood, CA",0.7451
6037502004,"East Whitter, Whittier, CA",0.7449
6037273800,"Venice, Los Angeles, CA",0.7449
6037540300,"Lynwood, CA",0.7448
6037265100,"Westwood, Los Angeles, CA",0.7448
6037217200,"Central LA, Los Angeles, CA",0.7446
6037271902,"Mar Vista, Los Angeles, CA",0.7445
6037269905,"Palms, Los Angeles, CA",0.7442
6037531800,"South Montebello, East Los Angeles, CA",0.744
6037600902,"Inglewood, CA",0.744
6037543802,"Carson, CA",0.7438
6037533001,"South Los Angeles, Los Angeles, CA",0.7437
6037236400,"Baldwin Hills, Los Angeles, CA",0.7436
6037433302,"El Monte, CA",0.7435
6037551101,"Downey, CA",0.7434
6037221401,"Jefferson, Los Angeles, CA",0.7433
6037533107,"Huntington Park, CA",0.7433
6037267700,"Sawtelle, Los Angeles, CA",0.7433
6037532606,"Huntington Park, CA",0.7432
6037232300,"South Los Angeles, Los Angeles, CA",0.7432
6037621004,"Hermosa Beach, CA",0.7432
6037216100,"Central LA, Los Angeles, CA",0.7431
6037540000,"Lynwood, CA",0.743
6037208301,"Central LA, Los Angeles, CA",0.7429
6037433200,"El Monte City, El Monte, CA",0.7429
6037551501,"Downey, CA",0.7428
6037205120,"Central LA, Los Angeles, CA",0.7427
6037701302,"Wilshire Montana, Santa Monica, CA",0.7427
6037291210,"Harbor, Gardena, CA",0.7427
6037651002,"Southeast Torrance, Torrance, CA",0.7427
6037542104,"East Compton, CA",0.7427
6037534301,"Cudahy, CA",0.7426
6037602200,"Los Angeles, CA",0.7424
6037543400,"Carson, CA",0.7423
6037553503,"Paramount, CA",0.7422
6037481604,"Alhambra, CA",0.7422
6037553000,"Norwalk, CA",0.7421
6037621201,"South Redondo, Redondo Beach, CA",0.7421
6037602600,"Gardena, CA",0.742
6059110603,"Buena Park, CA",0.742
6037533804,"Bell, CA",0.7419
6037604001,"Lawndale, CA",0.7419
6037191720,"Central LA, Los Angeles, CA",0.7417
6037501001,"Whittier, CA",0.7415
6037221110,"Central LA, Los Angeles, CA",0.7415
6037214600,"Central LA, Los Angeles, CA",0.7414
6037291120,"Harbor, Gardena, CA",0.7413
6037700200,"Central LA, West Hollywood, CA",0.7411
6037535902,"South Gate, CA",0.7409
6037221302,"Central LA, Los Angeles, CA",0.7408
6037554104,"Bellflower, CA",0.7407
6037271100,"West Los Angeles, Los Angeles, CA",0.7407
6037532303,"South Montebello, Commerce, CA",0.7405
6037620002,"El Segundo, CA",0.7404
6037218220,"Central LA, Los Angeles, CA",0.7404
6037228410,"South Los Angeles, Los Angeles, CA",0.7403
6037540501,"Lynwood, CA",0.7403
6037534802,"Huntington Park, CA",0.7403
6037552601,"Norwalk, CA",0.7403
6037199400,"Mount Washington, Los Angeles, CA",0.7402
6037553100,"Bellflower, CA",0.7401
6037534002,"South Montebello, Bell Gardens, CA",0.7401
6037543905,"Carson, CA",0.7399
6037570603,"North Long Beach, Long Beach, CA",0.7396
6037570204,"North Long Beach, Long Beach, CA",0.7394
6037603301,"Gardena, CA",0.7393
6059110201,"Buena Park, CA",0.7393
6037551202,"Downey, CA",0.7393
6037602508,"Hawthorne, CA",0.7392
6037531502,"East Los Angeles, CA",0.739
6037701502,"Downtown, Santa Monica, CA",0.7388
6037602106,"Hawthorne, CA",0.7388
6037218300,"Central LA, Los Angeles, CA",0.7387
6037553801,"Paramount, CA",0.7386
6037211703,"Central LA, Los Angeles, CA",0.7385
6037237401,"South Los Angeles, Los Angeles, CA",0.7384
6037531902,"South Montebello, East Los Angeles, CA",0.7384
6037433304,"El Monte, CA",0.7384
6037701801,"Pico, Santa Monica, CA",0.7383
6037555002,"Lakewood, CA",0.7383
6037603004,"Gardena, CA",0.7381
6037208401,"Central LA, Los Angeles, CA",0.7381
6037535503,"South Gate, CA",0.7381
6037553701,"Paramount, CA",0.7381
6037197600,"Echo Park, Los Angeles, CA",0.7378
6037204820,"Boyle Heights, Los Angeles, CA",0.7377
6037212610,"Central LA, Los Angeles, CA",0.7377
6037192510,"Central LA, Los Angeles, CA",0.7377
6037702801,"Clarkdale, Culver City, CA",0.7377
6037271801,"Palms, Los Angeles, CA",0.7376
6037554801,"Artesia, CA",0.7376
6037192700,"Central LA, Los Angeles, CA",0.7375
6037273402,"Venice, Los Angeles, CA",0.7374
6037553602,"Paramount, CA",0.7374
6037553504,"Paramount, CA",0.7373
6037208402,"Central LA, Los Angeles, CA",0.7373
6037211410,"Central LA, Los Angeles, CA",0.7373
6037433902,"El Monte, CA",0.7371
6037554203,"Bellflower, CA",0.7371
6037540101,"Lynwood, CA",0.7371
6037601202,"Inglewood, CA",0.7369
6037701202,"Wilshire Montana, Santa Monica, CA",0.7368
6037603802,"Lawndale, CA",0.7367
6037432402,"El Monte City, El Monte, CA",0.7367
6037536200,"South Gate, CA",0.7366
6037570601,"Lindbergh, Long Beach, CA",0.7365
6037226420,"South Los Angeles, Los Angeles, CA",0.7363
6037570304,"North Long Beach, Long Beach, CA",0.7363
6037271701,"Palms, Los Angeles, CA",0.7361
6037261200,"Beverly Glen, Los Angeles, CA",0.7358
6037199900,"Montecito Heights, Los Angeles, CA",0.7356
6037702201,"Sunset Park, Santa Monica, CA",0.7356
6059110606,"Buena Park, CA",0.7356
6037502902,"Santa Fe Springs, CA",0.7353
6037572002,"Bixby Knolls, Long Beach, CA",0.7353
6037553601,"Paramount, CA",0.7352
6037216200,"Central LA, Los Angeles, CA",0.7351
6037554002,"Bellflower, CA",0.7349
6037185310,"Northeast Los Angeles, Los Angeles, CA",0.7349
6037555001,"Lakewood, CA",0.7348
6037554302,"Bellflower, CA",0.7348
6037535001,"South Los Angeles, Los Angeles, CA",0.7347
6037601501,"Inglewood, CA",0.7346
6037216900,"Central LA, Los Angeles, CA",0.7346
6037532302,"South Montebello, Los Angeles, CA",0.7345
6037572301,"Arlington, Long Beach, CA",0.7344
6037482201,"Monterey Park, CA",0.7342
6037702700,"Park West, Culver City, CA",0.7342
6037231500,"Leimert Park, Los Angeles, CA",0.7342
6037570203,"North Long Beach, Long Beach, CA",0.7341
6037532604,"Huntington Park, CA",0.7341
6037600502,"Inglewood, CA",0.734
6037530302,"South Montebello, East Los Angeles, CA",0.734
6037222600,"South Los Angeles, Los Angeles, CA",0.7339
6037533401,"Maywood, CA",0.7338
6037203500,"Boyle Heights, Los Angeles, CA",0.7338
6037433401,"South El Monte, CA",0.7338
6037532700,"South Los Angeles, Los Angeles, CA",0.7337
6037542000,"Compton, CA",0.7337
6037702300,"Sunset Park, Santa Monica, CA",0.7337
6037601402,"Inglewood, CA",0.7336
6037620522,"North Redondo, Redondo Beach, CA",0.7336
6037533805,"Bell, CA",0.7336
6037550901,"Downey, CA",0.7333
6037602403,"Hawthorne, CA",0.7333
6037226700,"South Los Angeles, Los Angeles, CA",0.7328
6037212305,"Central LA, Los Angeles, CA",0.7327
6037208302,"Central LA, Los Angeles, CA",0.7327
6037601303,"Inglewood, CA",0.7327
6037204600,"Boyle Heights, Los Angeles, CA",0.7325
6037433305,"El Monte, CA",0.7325
6037534502,"Huntington Park, CA",0.7324
6037204120,"Central LA, Los Angeles, CA",0.7324
6037192410,"Central LA, Los Angeles, CA",0.7324
6037540102,"Lynwood, CA",0.7323
6037620702,"North Redondo, Redondo Beach, CA",0.7322
6037535802,"South Gate, CA",0.7321
6037554204,"Bellflower, CA",0.7318
6037703100,"View Park, View Park-Windsor Hills, CA",0.7318
6037535502,"South Gate, CA",0.7318
6037542103,"Compton, CA",0.7317
6037535603,"South Gate, CA",0.7317
6037433501,"El Monte City, South El Monte, CA",0.7316
6037218120,"Central LA, Los Angeles, CA",0.7316
6037265700,"Westwood, Los Angeles, CA",0.7313
6037231300,"South Los Angeles, Los Angeles, CA",0.7313
6037602003,"Inglewood, CA",0.7313
6037229100,"Central Alameda, Los Angeles, CA",0.7312
6037534406,"Cudahy, CA",0.7311
6037533603,"Bell, CA",0.7311
6037600802,"Morningside Park, Inglewood, CA",0.7311
6037433504,"El Monte City, El Monte, CA",0.731
6037222500,"South Los Angeles, Los Angeles, CA",0.731
6037211804,"Central LA, Los Angeles, CA",0.7309
6037234502,"South Los Angeles, Los Angeles, CA",0.7305
6037239602,"South Los Angeles, Los Angeles, CA",0.7305
6037531101,"Los Angeles, CA",0.7303
6037571502,"Bixby North, Long Beach, CA",0.7301
6037267501,"West Los Angeles, Los Angeles, CA",0.73
6037201110,"Northeast Los Angeles, Los Angeles, CA",0.73
6037603400,"Gardena, CA",0.7299
6037534202,"South Montebello, Bell Gardens, CA",0.7299
6037211910,"Central LA, Los Angeles, CA",0.7296
6037601001,"Inglewood, CA",0.7294
6037269601,"Central LA, Los Angeles, CA",0.7293
6059086901,"Southwest Anaheim, Anaheim, CA",0.7293
6037601700,"Inglewood, CA",0.7293
6037554301,"Bellflower, CA",0.7291
6037530801,"Los Angeles, CA",0.7291
6037532500,"Huntington Park, CA",0.7291
6037212203,"Central LA, Los Angeles, CA",0.729
6037604002,"Lawndale, CA",0.7289
6037530500,"East Los Angeles, CA",0.7289
6037267100,"West Los Angeles, Los Angeles, CA",0.7289
6037433901,"El Monte, CA",0.7289
6037240800,"South Los Angeles, Los Angeles, CA",0.7288
6037650602,"Torrance, CA",0.7288
6037231210,"South Los Angeles, Los Angeles, CA",0.7287
6037433102,"El Monte City, El Monte, CA",0.7287
6037433801,"South El Monte, CA",0.7285
6037601502,"Inglewood, CA",0.7285
6037265510,"Westwood, Los Angeles, CA",0.7282
6037541802,"Lynwood, CA",0.7282
6037277100,"Westchester, Los Angeles, CA",0.7281
6037540202,"Lynwood, CA",0.7281
6037530901,"Los Angeles, CA",0.7281
6037433403,"El Monte, CA",0.7281
6037276100,"Los Angeles, CA",0.7278
6037702501,"Carlson Park, Culver City, CA",0.7275
6037275500,"Culver City, CA",0.7275
6037213201,"Central LA, Los Angeles, CA",0.7274
6037228310,"South Los Angeles, Los Angeles, CA",0.7273
6037269700,"Beverlywood, Los Angeles, CA",0.727
6037212202,"Central LA, Los Angeles, CA",0.727
6037540203,"Lynwood, CA",0.727
6037191500,"Central LA, Los Angeles, CA",0.7269
6037650003,"Northwest Torrance, Torrance, CA",0.7269
6037214503,"Central LA, Los Angeles, CA",0.7268
6037221602,"Central LA, Los Angeles, CA",0.7267
6037570403,"College Square, Long Beach, CA",0.7267
6037603704,"Hawthorne, CA",0.7265
6037240900,"South Los Angeles, Los Angeles, CA",0.7265
6037218701,"Central LA, Los Angeles, CA",0.7264
6037620601,"North Redondo, Redondo Beach, CA",0.7263
6037531503,"East Los Angeles, CA",0.7263
6037533703,"Maywood, CA",0.7262
6037542800,"Compton, CA",0.7261
6037201401,"Northeast Los Angeles, Los Angeles, CA",0.7259
6037238400,"South Los Angeles, Los Angeles, CA",0.7258
6037541700,"Lynwood, CA",0.7256
6037234600,"Park Mesa Heights, Los Angeles, CA",0.7253
6037204910,"Boyle Heights, Los Angeles, CA",0.7253
6037275311,"Los Angeles, CA",0.7253
6037501804,"Whittier, CA",0.7252
6037533105,"Huntington Park, CA",0.7252
6037543000,"Compton, CA",0.7252
6037224200,"Central LA, Los Angeles, CA",0.7252
6037219800,"Los Angeles, CA",0.7251
6037571703,"Addams, Long Beach, CA",0.7249
6037541604,"Compton, CA",0.7248
6037602801,"South Los Angeles, Los Angeles, CA",0.7247
6037501400,"Whittier, CA",0.7246
6037227010,"South Los Angeles, Los Angeles, CA",0.7246
6037503000,"Whittier, CA",0.7244
6037542602,"Compton, CA",0.7243
6037570202,"Hamilton, Long Beach, CA",0.7243
6037532101,"South Montebello, Montebello, CA",0.7242
6037531201,"Los Angeles, CA",0.7239
6037219700,"Jefferson, Los Angeles, CA",0.7238
6037203100,"Northeast Los Angeles, Los Angeles, CA",0.7237
6037603900,"Lawndale, CA",0.7235
6037203200,"Boyle Heights, Los Angeles, CA",0.7234
6037603102,"Gardena, CA",0.7234
6037203900,"Boyle Heights, Los Angeles, CA",0.7234
6037534102,"South Montebello, Bell Gardens, CA",0.7233
6037701702,"Downtown, Santa Monica, CA",0.7232
6037532900,"South Los Angeles, Los Angeles, CA",0.7229
6037232110,"South Figueroa Corridor, Los Angeles, CA",0.7228
6037550601,"Downey, CA",0.7228
6037267200,"West Los Angeles, Los Angeles, CA",0.7227
6037553502,"Paramount, CA",0.7225
6037603200,"Gardena, CA",0.7225
6037534900,"South Los Angeles, Los Angeles, CA",0.7224
6037536104,"South Gate, CA",0.7223
6037234300,"Leimert Park, Los Angeles, CA",0.7221
6037533701,"Maywood, CA",0.722
6037602105,"Hawthorne, CA",0.722
6037275602,"Westchester, Los Angeles, CA",0.722
6037211310,"Central LA, Los Angeles, CA",0.7219
6037433307,"El Monte, CA",0.7219
6037603005,"Gardena, CA",0.7219
6037553802,"Paramount, CA",0.7218
6037534405,"Cudahy, CA",0.7217
6037293202,"Harbor Gateway South, Torrance, CA",0.7217
6037533803,"Bell, CA",0.7216
6037240020,"South Los Angeles, Los Angeles, CA",0.7214
6037208000,"Central LA, Los Angeles, CA",0.7213
6037531602,"South Montebello, East Los Angeles, CA",0.7213
6037213100,"Central LA, Los Angeles, CA",0.7212
6037604100,"Lawndale, CA",0.7211
6037570303,"North Long Beach, Long Beach, CA",0.721
6037570301,"North Long Beach, Long Beach, CA",0.7208
6037602509,"Hawthorne, CA",0.7207
6037434001,"El Monte, CA",0.7207
6037237300,"South Los Angeles, Los Angeles, CA",0.7207
6037532002,"South Montebello, Montebello, CA",0.7206
6037540201,"South Gate, CA",0.7204
6037701000,"Beverly Hills, CA",0.7204
6037228600,"South Los Angeles, Los Angeles, CA",0.7204
6037208502,"Central LA, Los Angeles, CA",0.7203
6037651221,"Southwood Riviera, Torrance, CA",0.7202
6037533602,"Bell, CA",0.7201
6037533403,"Maywood, CA",0.7197
6037277200,"Westchester, Los Angeles, CA",0.7196
6037199000,"Northeast Los Angeles, Los Angeles, CA",0.7193
6037554404,"Bellflower, CA",0.7193
6037272100,"Mar Vista, Los Angeles, CA",0.7193
6037218400,"Central LA, Los Angeles, CA",0.7189
6037602900,"Gardena, CA",0.7188
6037269602,"Central LA, Los Angeles, CA",0.7187
6037232600,"South Los Angeles, Los Angeles, CA",0.7186
6037222200,"South Los Angeles, Los Angeles, CA",0.7185
6037542105,"Compton, CA",0.7185
6037185202,"Mount Washington, Los Angeles, CA",0.7183
6037211201,"Central LA, Los Angeles, CA",0.7182
6037221710,"Jefferson, Los Angeles, CA",0.718
6037221500,"South Los Angeles, Los Angeles, CA",0.718
6037601801,"Inglewood, CA",0.7178
6037535300,"South Los Angeles, Los Angeles, CA",0.7177
6037602002,"Hawthorne, CA",0.7177
6037262400,"Brentwood, Los Angeles, CA",0.7176
6037269000,"Cheviot Hills, Los Angeles, CA",0.7175
6037216700,"Central LA, Los Angeles, CA",0.7174
6037220000,"Jefferson, Los Angeles, CA",0.7174
6037213310,"Central LA, Los Angeles, CA",0.7173
6037239702,"South Los Angeles, Los Angeles, CA",0.717
6037215102,"Central LA, Los Angeles, CA",0.7169
6037533402,"Maywood, CA",0.7165
6037531604,"East Los Angeles, CA",0.7165
6037212204,"Central LA, Los Angeles, CA",0.7163
6037270300,"Central LA, Los Angeles, CA",0.7162
6037621400,"South Redondo, Redondo Beach, CA",0.7162
6037600601,"Inglewood, CA",0.7161
6037601802,"Inglewood, CA",0.7161
6037532400,"Vernon, CA",0.7161
6037621002,"Hermosa Beach, CA",0.7159
6037204700,"Boyle Heights, Los Angeles, CA",0.7158
6037221820,"Jefferson, Los Angeles, CA",0.7157
6037533104,"Huntington Park, CA",0.7156
6037203800,"Boyle Heights, Los Angeles, CA",0.7156
6037211922,"Central LA, Los Angeles, CA",0.7156
6037232120,"South Los Angeles, Los Angeles, CA",0.7152
6037267902,"Rancho Park, Los Angeles, CA",0.7152
6037600304,"South Los Angeles, Los Angeles, CA",0.7152
6037240401,"South Los Angeles, Los Angeles, CA",0.7152
6037532605,"Huntington Park, CA",0.7151
6037600400,"South Los Angeles, Los Angeles, CA",0.7151
6037530101,"South Montebello, Montebello, CA",0.7151
6037501503,"Whittier, CA",0.715
6037542106,"East Compton, CA",0.715
6037543100,"Compton, CA",0.715
6037650800,"Park Plaza, Torrance, CA",0.7149
6037531202,"Los Angeles, CA",0.7149
6037232400,"South Los Angeles, Los Angeles, CA",0.7149
6037273200,"Venice, Los Angeles, CA",0.7148
6037603001,"Gardena, CA",0.7143
6037535400,"South Los Angeles, Los Angeles, CA",0.7142
6037203600,"Boyle Heights, Los Angeles, CA",0.714
6037224420,"South Los Angeles, Los Angeles, CA",0.7138
6037535501,"South Gate, CA",0.7137
6037702202,"Sunset Park, Santa Monica, CA",0.7136
6037241120,"South Los Angeles, Los Angeles, CA",0.7134
6037540902,"South Los Angeles, Los Angeles, CA",0.7133
6037231600,"South Los Angeles, Los Angeles, CA",0.7132
6037221303,"Central LA, Los Angeles, CA",0.7132
6037275102,"Culver City, CA",0.7131
6037221120,"Central LA, Los Angeles, CA",0.7129
6037211320,"Central LA, Los Angeles, CA",0.7128
6037272301,"Mar Vista, Los Angeles, CA",0.7125
6037602104,"Hawthorne, CA",0.7122
6037702901,"Marina del Rey, CA",0.7122
6037191620,"Central LA, Los Angeles, CA",0.7121
6037541801,"Lynwood, CA",0.712
6037241002,"South Los Angeles, Los Angeles, CA",0.7119
6037204200,"Boyle Heights, Los Angeles, CA",0.7117
6037212303,"Central LA, Los Angeles, CA",0.7117
6037211802,"Central LA, Los Angeles, CA",0.7116
6037262100,"Bel Air, Los Angeles, CA",0.7115
6037700300,"Central LA, West Hollywood, CA",0.7114
6037216402,"Central LA, Los Angeles, CA",0.7114
6037222002,"South Los Angeles, Los Angeles, CA",0.7113
6037237800,"South Los Angeles, Los Angeles, CA",0.7113
6037701602,"Mid-City, Santa Monica, CA",0.7112
6037218210,"Central LA, Los Angeles, CA",0.7112
6037571701,"North Long Beach, Long Beach, CA",0.7112
6037221402,"Central LA, Los Angeles, CA",0.711
6037234800,"Park Mesa Heights, Los Angeles, CA",0.7109
6037204810,"Boyle Heights, Los Angeles, CA",0.7108
6037267502,"West Los Angeles, Los Angeles, CA",0.7107
6037980010,"Echo Park, Los Angeles, CA",0.7106
6037433503,"El Monte City, South El Monte, CA",0.7105
6037238000,"South Los Angeles, Los Angeles, CA",0.7103
6037550902,"Downey, CA",0.7102
6037700400,"Central LA, West Hollywood, CA",0.71
6037199110,"Montecito Heights, Los Angeles, CA",0.7099
6037265601,"Westwood, Los Angeles, CA",0.7095
6037226410,"South Los Angeles, Los Angeles, CA",0.7094
6037533103,"Huntington Park, CA",0.7094
6037554103,"Bellflower, CA",0.7093
6037433402,"El Monte, CA",0.7091
6037550500,"Downey, CA",0.7091
6037535102,"South Los Angeles, Los Angeles, CA",0.709
6037219901,"Los Angeles, CA",0.7089
6037291220,"Harbor, Gardena, CA",0.7087
6037602504,"Hawthorne, CA",0.7086
6037701601,"Northeast, Santa Monica, CA",0.7086
6037501504,"Whittier, CA",0.7082
6037208620,"Central LA, Los Angeles, CA",0.7082
6037532603,"Huntington Park, CA",0.7081
6037551102,"Downey, CA",0.708
6037221810,"South Los Angeles, Los Angeles, CA",0.708
6037243000,"South Los Angeles, Los Angeles, CA",0.7075
6037621001,"Hermosa Beach, CA",0.7074
6037703001,"Fox Hills, Culver City, CA",0.7074
6037271702,"Palms, Los Angeles, CA",0.7072
6037702502,"Culver City, CA",0.7071
6037274100,"Venice, Marina del Rey, CA",0.707
6037535804,"South Gate, CA",0.7069
6037531000,"Los Angeles, CA",0.7066
6037239310,"South Los Angeles, Los Angeles, CA",0.7065
6037531302,"Los Angeles, CA",0.7065
6037195720,"Echo Park, Los Angeles, CA",0.7063
6037212101,"Central LA, Los Angeles, CA",0.7063
6037500402,"El Rancho, Pico Rivera, CA",0.7062
6037533601,"Bell, CA",0.7061
6037534803,"Huntington Park, CA",0.7059
6037224600,"South Figueroa Corridor, Los Angeles, CA",0.7058
6037221900,"South Los Angeles, Los Angeles, CA",0.7054
6037553400,"Downey, CA",0.705
6037542501,"Compton, CA",0.7046
6037432801,"El Monte City, El Monte, CA",0.7046
6037501803,"Whittier, CA",0.7045
6037530400,"Monterey Park, CA",0.7044
6037540800,"South Los Angeles, Los Angeles, CA",0.7043
6037228100,"South Los Angeles, Los Angeles, CA",0.7043
6037602802,"South Los Angeles, Los Angeles, CA",0.7042
6037541200,"Compton, CA",0.7041
6037211202,"Central LA, Los Angeles, CA",0.704
6037207900,"Central LA, Los Angeles, CA",0.7039
6037542200,"Compton, CA",0.7038
6037542601,"Compton, CA",0.7038
6037500500,"El Rancho, Pico Rivera, CA",0.7038
6037242200,"South Los Angeles, Los Angeles, CA",0.7037
6037540502,"Lynwood, CA",0.7035
6037531901,"South Montebello, East Los Angeles, CA",0.7033
6037208904,"Central LA, Los Angeles, CA",0.7032
6037218702,"Jefferson, Los Angeles, CA",0.7032
6037232700,"South Figueroa Corridor, Los Angeles, CA",0.7031
6037212502,"Central LA, Los Angeles, CA",0.7031
6037543201,"Compton, CA",0.703
6037209104,"Central LA, Los Angeles, CA",0.7029
6037228210,"South Los Angeles, Los Angeles, CA",0.7027
6037213402,"Central LA, Los Angeles, CA",0.7026
6037600201,"South Los Angeles, Los Angeles, CA",0.7023
6037601100,"Inglewood, CA",0.7021
6037267402,"West Los Angeles, Los Angeles, CA",0.7021
6037234501,"South Los Angeles, Los Angeles, CA",0.7015
6037542502,"Compton, CA",0.7015
6037238200,"South Los Angeles, Los Angeles, CA",0.7013
6037502802,"Santa Fe Springs, CA",0.7012
6037214700,"Beverly Grove, Los Angeles, CA",0.7011
6037214901,"Beverly Grove, West Hollywood, CA",0.701
6037240200,"South Los Angeles, Los Angeles, CA",0.7007
6037195804,"Silver Lake, Los Angeles, CA",0.7007
6037541605,"Compton, CA",0.7006
6037540400,"South Los Angeles, Los Angeles, CA",0.7005
6037555102,"Lakewood, CA",0.7003
6037535200,"South Los Angeles, Los Angeles, CA",0.7001
6037552400,"Norwalk, CA",0.7001
6037191902,"Central LA, Los Angeles, CA",0.7
6037530802,"Los Angeles, CA",0.7
6037229410,"South Los Angeles, Los Angeles, CA",0.6996
6037620303,"Manhattan Beach, CA",0.6995
6037600704,"Morningside Park, Inglewood, CA",0.6995
6037238310,"South Figueroa Corridor, Los Angeles, CA",0.6995
6037237402,"South Los Angeles, Los Angeles, CA",0.6994
6037531702,"South Montebello, East Los Angeles, CA",0.6993
6037540901,"South Los Angeles, Los Angeles, CA",0.6991
6037535101,"South Los Angeles, Los Angeles, CA",0.6988
6037231800,"South Figueroa Corridor, Los Angeles, CA",0.6982
6037231400,"Leimert Park, Los Angeles, CA",0.6982
6037231100,"South Los Angeles, Los Angeles, CA",0.6977
6037533202,"Huntington Park, CA",0.6977
6037242700,"South Los Angeles, Los Angeles, CA",0.6974
6037277400,"Los Angeles, CA",0.6973
6037229300,"South Figueroa Corridor, Los Angeles, CA",0.6972
6037228320,"South Los Angeles, Los Angeles, CA",0.6972
6037209401,"Central LA, Los Angeles, CA",0.6972
6037271802,"Palms, Los Angeles, CA",0.697
6037701802,"Pico, Santa Monica, CA",0.6969
6037267404,"Sawtelle, Los Angeles, CA",0.6969
6037205110,"Boyle Heights, Los Angeles, CA",0.6964
6037267600,"Sawtelle, Los Angeles, CA",0.6963
6037228720,"South Los Angeles, Los Angeles, CA",0.6963
6037701701,"Mid-City, Santa Monica, CA",0.6959
6037292000,"Harbor, Torrance, CA",0.6956
6037542900,"Compton, CA",0.6955
6037553902,"Paramount, CA",0.6955
6037211122,"Central LA, Los Angeles, CA",0.695
6037209510,"Central LA, Los Angeles, CA",0.6949
6037239330,"South Los Angeles, Los Angeles, CA",0.6948
6037236100,"Baldwin Village, Los Angeles, CA",0.6946
6037240402,"South Los Angeles, Los Angeles, CA",0.6945
6037265420,"Westwood, Los Angeles, CA",0.6945
6037541500,"South Los Angeles, Compton, CA",0.6942
6037267300,"West Los Angeles, Los Angeles, CA",0.6942
6037534201,"South Montebello, Bell Gardens, CA",0.6942
6037232500,"South Los Angeles, Los Angeles, CA",0.6942
6037600302,"South Los Angeles, Los Angeles, CA",0.6942
6037242300,"South Los Angeles, Los Angeles, CA",0.6938
6037601211,"Inglewood, CA",0.6938
6037542700,"Compton, CA",0.6936
6037221304,"Central LA, Los Angeles, CA",0.6934
6037209820,"Central LA, Los Angeles, CA",0.6934
6037228420,"South Los Angeles, Los Angeles, CA",0.6934
6037238320,"South Figueroa Corridor, Los Angeles, CA",0.6934
6037237720,"South Figueroa Corridor, Los Angeles, CA",0.6932
6037192420,"Central LA, Los Angeles, CA",0.6931
6037231220,"South Figueroa Corridor, Los Angeles, CA",0.693
6037269500,"Beverlywood, Los Angeles, CA",0.6927
6037700902,"Beverly Hills, CA",0.6926
6037262303,"Brentwood, Los Angeles, CA",0.6925
6037243100,"South Los Angeles, Los Angeles, CA",0.6919
6037541100,"Compton, CA",0.6916
6037533002,"South Los Angeles, Los Angeles, CA",0.6915
6037239202,"South Los Angeles, Los Angeles, CA",0.6913
6037241201,"South Los Angeles, Los Angeles, CA",0.6909
6037227020,"South Los Angeles, Los Angeles, CA",0.6903
6037237710,"South Figueroa Corridor, Los Angeles, CA",0.6902
6037272302,"Mar Vista, Los Angeles, CA",0.6901
6037554403,"Bellflower, CA",0.69
6037218600,"Central LA, Los Angeles, CA",0.69
6037239801,"South Los Angeles, Los Angeles, CA",0.6898
6037265201,"Westwood, Los Angeles, CA",0.6897
6037541300,"Compton, CA",0.6896
6037211120,"Central LA, Los Angeles, CA",0.6896
6037207501,"Downtown, Los Angeles, CA",0.6895
6037265602,"Westwood, Los Angeles, CA",0.6892
6037603006,"Gardena, CA",0.689
6037541603,"Compton, CA",0.6889
6037542402,"Compton, CA",0.6889
6037262802,"Pacific Palisades, Santa Monica, CA",0.6886
6037264302,"Brentwood, Los Angeles, CA",0.6884
6037208903,"Central LA, Los Angeles, CA",0.6882
6037214501,"Central LA, Los Angeles, CA",0.6882
6037237201,"South Los Angeles, Los Angeles, CA",0.6879
6037216800,"Central LA, Los Angeles, CA",0.6875
6037502003,"East Whitter, Whittier, CA",0.6872
6037272201,"Mar Vista, Los Angeles, CA",0.6872
6037700901,"Central LA, Beverly Hills, CA",0.6871
6037543305,"Los Angeles County, CA",0.687
6037272202,"Mar Vista, Los Angeles, CA",0.687
6037570404,"Freeway Circle, Long Beach, CA",0.687
6037217002,"Central LA, Los Angeles, CA",0.6869
6037219300,"Jefferson, Los Angeles, CA",0.6867
6037541606,"Compton, CA",0.6857
6037240500,"South Los Angeles, Los Angeles, CA",0.6854
6037700102,"Central LA, West Hollywood, CA",0.6853
6037269903,"Palms, Los Angeles, CA",0.6853
6037224310,"Central LA, Los Angeles, CA",0.6851
6037239201,"South Los Angeles, Los Angeles, CA",0.685
6037239802,"South Los Angeles, Los Angeles, CA",0.6847
6037271901,"Mar Vista, Los Angeles, CA",0.6841
6037203720,"Boyle Heights, Los Angeles, CA",0.6838
6037240700,"South Los Angeles, Los Angeles, CA",0.6837
6037432802,"El Monte City, El Monte, CA",0.6834
6037229420,"South Los Angeles, Los Angeles, CA",0.6833
6037219020,"South Los Angeles, Los Angeles, CA",0.6831
6037208720,"Central LA, Los Angeles, CA",0.6829
6037239320,"South Los Angeles, Los Angeles, CA",0.6825
6037228800,"Central Alameda, Los Angeles, CA",0.6824
6037264000,"Brentwood, Los Angeles, CA",0.6823
6037231900,"South Figueroa Corridor, Los Angeles, CA",0.6821
6037271200,"Sawtelle, Los Angeles, CA",0.682
6037212620,"Central LA, Los Angeles, CA",0.6819
6037601302,"Inglewood, CA",0.6816
6037532800,"South Los Angeles, Los Angeles, CA",0.6816
6037602505,"Hawthorne, CA",0.6814
6037620904,"Manhattan Beach, CA",0.681
6037218900,"Jefferson, Los Angeles, CA",0.6806
6037602507,"Hawthorne, CA",0.6805
6037237900,"South Los Angeles, Los Angeles, CA",0.6802
6037208710,"Central LA, Los Angeles, CA",0.6801
6037212102,"Central LA, Los Angeles, CA",0.68
6037541002,"Carson, CA",0.68
6037226002,"Central LA, Los Angeles, CA",0.6799
6037542401,"Compton, CA",0.6796
6037236202,"Baldwin Village, Los Angeles, CA",0.6794
6037228500,"South Figueroa Corridor, Los Angeles, CA",0.6793
6037238100,"South Los Angeles, Los Angeles, CA",0.6792
6037240300,"South Los Angeles, Los Angeles, CA",0.6791
6037600602,"Inglewood, CA",0.6787
6037209300,"Central LA, Los Angeles, CA",0.6787
6037555211,"Hawaiian Gardens, CA",0.6786
6037551300,"Downey, CA",0.6786
6037208902,"Central LA, Los Angeles, CA",0.6783
6037600702,"Morningside Park, Inglewood, CA",0.6781
6037533300,"Maywood, CA",0.678
6037541400,"South Los Angeles, Compton, CA",0.6774
6037554105,"Bellflower, CA",0.677
6037273502,"Venice, Los Angeles, CA",0.6769
6037533201,"Huntington Park, CA",0.6762
6037273700,"Venice, Los Angeles, CA",0.6759
6037241400,"Harbor, Los Angeles, CA",0.6754
6037621326,"South Redondo, Redondo Beach, CA",0.6752
6037242000,"South Los Angeles, Los Angeles, CA",0.6752
6037241001,"South Los Angeles, Los Angeles, CA",0.6751
6037532200,"South Montebello, Montebello, CA",0.675
6037278102,"Playa del Rey, Los Angeles, CA",0.6746
6037228220,"South Los Angeles, Los Angeles, CA",0.6743
6037229200,"South Los Angeles, Los Angeles, CA",0.6743
6037236203,"Crenshaw, Los Angeles, CA",0.674
6037237102,"South Figueroa Corridor, Los Angeles, CA",0.6737
6037231710,"South Figueroa Corridor, Los Angeles, CA",0.6736
6037239501,"South Los Angeles, Los Angeles, CA",0.6736
6037228900,"Central Alameda, Los Angeles, CA",0.6731
6037191901,"Central LA, Los Angeles, CA",0.6727
6037534302,"Cudahy, CA",0.6726
6037600100,"South Los Angeles, Los Angeles, CA",0.6721
6037555212,"Hawaiian Gardens, CA",0.6719
6037228710,"Central Alameda, Los Angeles, CA",0.6717
6037212900,"Central LA, Los Angeles, CA",0.6715
6037701501,"Wilshire Montana, Santa Monica, CA",0.6715
6037209102,"Central LA, Los Angeles, CA",0.6714
6037214902,"Central LA, Los Angeles, CA",0.6707
6037267901,"Century City, Los Angeles, CA",0.6707
6037235202,"Park Mesa Heights, Los Angeles, CA",0.6707
6037192001,"Central LA, Los Angeles, CA",0.6706
6037543202,"Compton, CA",0.6702
6037273300,"Venice, Los Angeles, CA",0.67
6037553702,"Paramount, CA",0.6696
6037700501,"Central LA, West Hollywood, CA",0.6694
6037217001,"Pico - Robertson, Los Angeles, CA",0.6693
6037291110,"Harbor, Los Angeles, CA",0.6693
6037212304,"Central LA, Los Angeles, CA",0.6693
6037194401,"Beverly Grove, Los Angeles, CA",0.6689
6037269904,"Palms, Los Angeles, CA",0.6685
6037621204,"South Redondo, Redondo Beach, CA",0.6682
6037217100,"Central LA, Los Angeles, CA",0.668
6037600202,"South Los Angeles, Los Angeles, CA",0.6675
6037195901,"Silver Lake, Los Angeles, CA",0.6668
6037240010,"South Los Angeles, Los Angeles, CA",0.6665
6037209810,"Central LA, Los Angeles, CA",0.6641
6037212410,"Central LA, Los Angeles, CA",0.6639
6037204920,"Boyle Heights, Los Angeles, CA",0.6638
6037212501,"Central LA, Los Angeles, CA",0.6635
6037212702,"Central LA, Los Angeles, CA",0.6631
6037232800,"South Figueroa Corridor, Los Angeles, CA",0.6631
6037239701,"South Los Angeles, Los Angeles, CA",0.6629
6037218110,"Central LA, Los Angeles, CA",0.6628
6037240600,"South Los Angeles, Los Angeles, CA",0.6628
6037273600,"Venice, Los Angeles, CA",0.6622
6037237600,"South Figueroa Corridor, Los Angeles, CA",0.6621
6037209103,"Central LA, Los Angeles, CA",0.6618
6037275200,"Los Angeles, CA",0.6613
6037215101,"Central LA, Los Angeles, CA",0.6611
6037234700,"Park Mesa Heights, Los Angeles, CA",0.6608
6037241110,"South Los Angeles, Los Angeles, CA",0.6579
6037208801,"Central LA, Los Angeles, CA",0.6578
6037267800,"West Los Angeles, Los Angeles, CA",0.6571
6037571600,"Carmelitos, Long Beach, CA",0.655
6037237500,"South Figueroa Corridor, Los Angeles, CA",0.655
6037234901,"Park Mesa Heights, Los Angeles, CA",0.6542
6037700801,"Beverly Hills, CA",0.6542
6037192002,"Central LA, Los Angeles, CA",0.6534
6037203300,"Northeast Los Angeles, Los Angeles, CA",0.6532
6037224020,"South Los Angeles, Los Angeles, CA",0.6517
6037214800,"Beverly Grove, Los Angeles, CA",0.651
6037234200,"Leimert Park, Los Angeles, CA",0.6507
6037273902,"Venice, Los Angeles, CA",0.6499
6037206032,"Central LA, Los Angeles, CA",0.6487
6037540700,"South Los Angeles, Los Angeles, CA",0.6482
6037270100,"Palms, Los Angeles, CA",0.6482
6037540600,"South Los Angeles, Los Angeles, CA",0.6474
6037242600,"South Los Angeles, Los Angeles, CA",0.6468
6037241202,"South Los Angeles, Los Angeles, CA",0.6466
6037204420,"Boyle Heights, Los Angeles, CA",0.646
6037700802,"Beverly Hills, CA",0.6457
6037214100,"Central LA, Los Angeles, CA",0.6456
6037275302,"Marina del Rey, CA",0.6453
6037700502,"Central LA, West Hollywood, CA",0.6419
6037602506,"Hawthorne, CA",0.6414
6037265202,"Westwood, Los Angeles, CA",0.6409
6037232200,"South Los Angeles, Los Angeles, CA",0.6405
6037242100,"South Los Angeles, Los Angeles, CA",0.6371
6037701902,"Downtown, Santa Monica, CA",0.6366
6037234902,"Park Mesa Heights, Los Angeles, CA",0.6352
6037700700,"The Flats, Beverly Hills, CA",0.6343
6037207302,"Central LA, Los Angeles, CA",0.634
6037701402,"Wilshire Montana, Santa Monica, CA",0.633
6037224010,"Central LA, Los Angeles, CA",0.6325
6037600303,"South Los Angeles, Los Angeles, CA",0.632
6037226001,"South Los Angeles, Los Angeles, CA",0.6318
6037264103,"Brentwood, Los Angeles, CA",0.6308
6037700600,"Beverly Hills, CA",0.6294
6037534101,"South Montebello, Bell Gardens, CA",0.6276
6037194500,"Central LA, Los Angeles, CA",0.6204
6037214400,"Central LA, Los Angeles, CA",0.6198
6037216401,"Central LA, Los Angeles, CA",0.6174
6037269100,"Pico - Robertson, Los Angeles, CA",0.6137
6037207301,"Central LA, Los Angeles, CA",0.6057
6037265520,"Westwood, Los Angeles, CA",0.6056
6037236204,"Baldwin Village, Los Angeles, CA",0.6019
6037206200,"Central LA, Los Angeles, CA",0.6018
6037209200,"Central LA, Los Angeles, CA",0.5937
6037206300,"Central LA, Los Angeles, CA",0.5699
6037206031,"Arts District, Los Angeles, CA",0.5577
6037265303,"Westwood, Los Angeles, CA",0.5459
6037214000,"Central LA, Los Angeles, CA",0.5422
6037207710,"Central LA, Los Angeles, CA",0.5307
6037267403,"West Los Angeles, Los Angeles, CA",0.53
6037265305,"Westwood, Los Angeles, CA",0.5016
6037264102,"Brentwood, Los Angeles, CA",0.5009
6037207502,"Downtown, Los Angeles, CA",0.4923
6037980030,"El Segundo, CA",
6037980006,"Long Beach, CA",
6037980005,"Torrance, CA",
6037265301,"Westwood, Los Angeles, CA",
6037980018,"Long Beach, CA",
6037980025,"Carson, CA",
6037980002,"Carson, CA",
6037980013,"El Segundo, CA",
6037207400,"Central LA, Los Angeles, CA",
6037551600,"Downey, CA",
6037206020,"Central LA, Los Angeles, CA",
6037980028,"Los Angeles, CA",
6037504102,"Norwalk, CA",
6037265304,"Westwood, Los Angeles, CA",
6037222700,"South Los Angeles, Los Angeles, CA",