"tract","Name","Fraction_Married_rP_gP_pall"
6037214000,"Central LA, Los Angeles, CA",0.6617
6037214100,"Central LA, Los Angeles, CA",0.6484
6037265410,"Los Angeles, CA",0.6146
6037620301,"Manhattan Beach, CA",0.5925
6037620303,"Manhattan Beach, CA",0.5687
6037261200,"Beverly Glen, Los Angeles, CA",0.5523
6037214902,"Central LA, Los Angeles, CA",0.5515
6037262301,"Los Angeles, CA",0.547
6037192001,"Central LA, Los Angeles, CA",0.5445
6037269500,"Beverlywood, Los Angeles, CA",0.5317
6037214700,"Beverly Grove, Los Angeles, CA",0.5316
6037555202,"El Dorado, Long Beach, CA",0.5294
6037700700,"The Flats, Beverly Hills, CA",0.5282
6037269300,"Cheviot Hills, Los Angeles, CA",0.526
6037571101,"Lakewood, CA",0.5252
6037276601,"Playa del Rey, Los Angeles, CA",0.5241
6037214600,"Central LA, Los Angeles, CA",0.523
6037701202,"Wilshire Montana, Santa Monica, CA",0.522
6037571000,"Lakewood, CA",0.5191
6037500202,"East Whitter, Whittier, CA",0.517
6037650102,"Northwest Torrance, Torrance, CA",0.5164
6037651002,"Southeast Torrance, Torrance, CA",0.5148
6059110118,"Cypress, CA",0.5143
6037265100,"Westwood, Los Angeles, CA",0.512
6037271500,"Mar Vista, Los Angeles, CA",0.5113
6037700600,"Beverly Hills, CA",0.5109
6037269100,"Pico - Robertson, Los Angeles, CA",0.5096
6037262400,"Brentwood, Los Angeles, CA",0.5067
6037570002,"Lakewood, CA",0.5057
6037570001,"Lakewood, CA",0.5053
6037700501,"Central LA, West Hollywood, CA",0.5049
6037265601,"Westwood, Los Angeles, CA",0.5049
6037211000,"Central LA, Los Angeles, CA",0.5046
6037573601,"South of Conant, Long Beach, CA",0.5041
6059110109,"Cypress, CA",0.5028
6037650702,"Southwood, Torrance, CA",0.5017
6037554516,"Cerritos, CA",0.5015
6037651221,"Southwood Riviera, Torrance, CA",0.4979
6037269000,"Cheviot Hills, Los Angeles, CA",0.4964
6037573800,"Carson Park, Long Beach, CA",0.4957
6037620702,"North Redondo, Redondo Beach, CA",0.4957
6037570901,"Lakewood, CA",0.4955
6037620800,"Manhattan Beach, CA",0.4945
6037503602,"La Mirada, CA",0.4942
6037501900,"East Whitter, Whittier, CA",0.4938
6037651201,"Seaside, Torrance, CA",0.493
6037262302,"Brentwood, Los Angeles, CA",0.4925
6037650502,"West Torrance, Torrance, CA",0.4914
6037501501,"Whittier, CA",0.4912
6037620901,"Manhattan Beach, CA",0.491
6037700901,"Central LA, Beverly Hills, CA",0.4903
6037571300,"Lakewood, CA",0.4903
6059110117,"Cypress, CA",0.4902
6037620305,"Manhattan Beach, CA",0.4887
6037194402,"Beverly Grove, Los Angeles, CA",0.4863
6059110104,"Cypress, CA",0.4848
6037267200,"West Los Angeles, Los Angeles, CA",0.4837
6037408402,"La Puente, CA",0.4828
6037701601,"Northeast, Santa Monica, CA",0.4825
6037620400,"Manhattan Beach, CA",0.4823
6037482002,"Monterey Park, CA",0.4821
6037602302,"HollyGlen, Hawthorne, CA",0.4816
6037571200,"Lakewood Village, Long Beach, CA",0.4802
6037216402,"Central LA, Los Angeles, CA",0.4794
6059110111,"Cypress, CA",0.4792
6037501600,"Whittier, CA",0.479
6037650401,"Madrona, Torrance, CA",0.4778
6037620102,"El Segundo, CA",0.4769
6037620904,"Manhattan Beach, CA",0.4767
6037504002,"La Mirada, CA",0.4765
6037650001,"Torrance, CA",0.4746
6037650200,"Northwest Torrance, Torrance, CA",0.4742
6037503902,"La Mirada, CA",0.4728
6037621301,"South Redondo, Redondo Beach, CA",0.4717
6037573700,"Carson Park, Long Beach, CA",0.4716
6037651101,"Torrance, CA",0.4715
6037700102,"Central LA, West Hollywood, CA",0.4708
6037572100,"Wrigley, Long Beach, CA",0.4705
6059110102,"La Palma, CA",0.4688
6037503301,"East Whitter, Whittier, CA",0.4687
6037267100,"West Los Angeles, Los Angeles, CA",0.4685
6037217001,"Pico - Robertson, Los Angeles, CA",0.4684
6037271600,"Mar Vista, Los Angeles, CA",0.4674
6037554518,"Cerritos, CA",0.4671
6037700801,"Beverly Hills, CA",0.4664
6037554522,"Cerritos, CA",0.4662
6037651102,"Torrance Heights Civic, Torrance, CA",0.4643
6037554406,"Bellflower, CA",0.4639
6037554512,"Cerritos, CA",0.4636
6037481714,"Monterey Park, CA",0.4629
6037265420,"Westwood, Los Angeles, CA",0.4627
6037620602,"North Redondo, Redondo Beach, CA",0.4619
6037482102,"Monterey Park, CA",0.461
6037501700,"East Whitter, Whittier, CA",0.4609
6037650603,"Torrance, CA",0.4604
6037550800,"Downey, CA",0.4603
6037701201,"North of Montana, Santa Monica, CA",0.4603
6037265510,"Westwood, Los Angeles, CA",0.4596
6037570800,"Lakewood, CA",0.4594
6037570003,"Lakewood, CA",0.4592
6037191902,"Central LA, Los Angeles, CA",0.4587
6037504001,"La Mirada, CA",0.4579
6037570702,"Lakewood Mutual, Lakewood, CA",0.4577
6037276603,"Playa del Rey, Los Angeles, CA",0.4569
6037530005,"South Montebello, Montebello, CA",0.4555
6037554519,"Cerritos, CA",0.4553
6037571102,"Lakewood, CA",0.4552
6059110116,"La Palma, CA",0.4533
6037274202,"Venice, Marina del Rey, CA",0.4527
6037650004,"Northwest Torrance, Torrance, CA",0.4511
6037621001,"Hermosa Beach, CA",0.451
6037571800,"Bixby Knolls, Long Beach, CA",0.4506
6037276400,"Westchester, Los Angeles, CA",0.4506
6059110304,"Buena Park, CA",0.4504
6037267800,"West Los Angeles, Los Angeles, CA",0.4496
6037271100,"West Los Angeles, Los Angeles, CA",0.4496
6037620001,"El Segundo, CA",0.4485
6059110303,"Buena Park, CA",0.4477
6037554513,"Cerritos, CA",0.4473
6037503502,"East Whitter, Whittier, CA",0.4472
6037274100,"Venice, Marina del Rey, CA",0.4472
6037620002,"El Segundo, CA",0.4471
6037621324,"South Redondo, Redondo Beach, CA",0.4465
6037570902,"Lakewood, CA",0.4462
6037276000,"Westchester, Los Angeles, CA",0.4459
6037554802,"Artesia, CA",0.4459
6037432102,"Temple City, CA",0.4454
6037503601,"La Mirada, CA",0.4445
6037501802,"Whittier, CA",0.4445
6037572001,"Bixby Knolls, Long Beach, CA",0.4442
6037554517,"Cerritos, CA",0.4441
6037276500,"Westchester, Los Angeles, CA",0.4439
6037621102,"Hermosa Beach, CA",0.4438
6037700300,"Central LA, West Hollywood, CA",0.4434
6059110301,"Buena Park, CA",0.4432
6037481800,"Alhambra, CA",0.4426
6037275101,"Culver City, CA",0.4422
6037277000,"Westchester, Los Angeles, CA",0.4404
6037276604,"Playa del Rey, Los Angeles, CA",0.4381
6037621104,"Hermosa Beach, CA",0.4375
6037553000,"Norwalk, CA",0.437
6037262303,"Brentwood, Los Angeles, CA",0.4367
6037550602,"Downey, CA",0.4366
6037271400,"Mar Vista, Los Angeles, CA",0.4361
6037262802,"Pacific Palisades, Santa Monica, CA",0.4349
6037551000,"Downey, CA",0.4339
6037620701,"North Redondo, Redondo Beach, CA",0.4338
6037503201,"East Whitter, Whittier, CA",0.4335
6037481201,"Temple City, CA",0.4334
6037192002,"Central LA, Los Angeles, CA",0.4325
6037603702,"Lawndale, CA",0.4322
6037621004,"Hermosa Beach, CA",0.432
6037291300,"Harbor, Gardena, CA",0.4317
6059110115,"La Palma, CA",0.4313
6037551402,"Downey, CA",0.4312
6037571900,"Bixby Knolls, Long Beach, CA",0.4311
6037503402,"East Whitter, Whittier, CA",0.431
6037621204,"South Redondo, Redondo Beach, CA",0.4298
6037211500,"Central LA, Los Angeles, CA",0.4288
6037620101,"El Segundo, CA",0.4287
6037500300,"Whittier, CA",0.4281
6037267902,"Rancho Park, Los Angeles, CA",0.428
6037620501,"North Redondo, Redondo Beach, CA",0.4278
6037273902,"Venice, Los Angeles, CA",0.4275
6059110302,"Buena Park, CA",0.4266
6037702700,"Park West, Culver City, CA",0.4264
6037277100,"Westchester, Los Angeles, CA",0.4264
6037503901,"La Mirada, CA",0.4258
6037621400,"South Redondo, Redondo Beach, CA",0.4258
6037650602,"Torrance, CA",0.4257
6037265305,"Westwood, Los Angeles, CA",0.4243
6037650604,"Delthorne, Torrance, CA",0.4236
6037265602,"Westwood, Los Angeles, CA",0.4234
6037701000,"Beverly Hills, CA",0.4231
6037550400,"Downey, CA",0.4225
6037650501,"West Torrance, Torrance, CA",0.4223
6037278102,"Playa del Rey, Los Angeles, CA",0.4213
6037554101,"Bellflower, CA",0.4206
6037650701,"Southwood, Torrance, CA",0.42
6037620521,"North Redondo, Redondo Beach, CA",0.4199
6037481713,"Monterey Park, CA",0.4188
6037271702,"Palms, Los Angeles, CA",0.4186
6037700902,"Beverly Hills, CA",0.4182
6059110201,"Buena Park, CA",0.4182
6037554900,"Artesia, CA",0.4179
6037554514,"Cerritos, CA",0.4178
6037554600,"Norwalk, CA",0.4178
6037700802,"Beverly Hills, CA",0.4178
6037214400,"Central LA, Los Angeles, CA",0.4168
6037552602,"Norwalk, CA",0.4168
6037482600,"Garvey, Monterey Park, CA",0.4166
6037192300,"Central LA, Los Angeles, CA",0.4164
6037264103,"Brentwood, Los Angeles, CA",0.4155
6037191620,"Central LA, Los Angeles, CA",0.4147
6037554521,"Cerritos, CA",0.4147
6037265520,"Westwood, Los Angeles, CA",0.4145
6037267901,"Century City, Los Angeles, CA",0.4144
6037554511,"Cerritos, CA",0.4143
6037481402,"San Gabriel, CA",0.414
6037503501,"East Whitter, Whittier, CA",0.4137
6037571400,"Lakewood Mutual, Lakewood, CA",0.4134
6037265700,"Westwood, Los Angeles, CA",0.4121
6037650901,"Old Town Torrance, Torrance, CA",0.4116
6037482202,"Garvey, Monterey Park, CA",0.4114
6059110202,"Southwest Anaheim, Buena Park, CA",0.4112
6037543503,"Torrance, CA",0.4111
6037503802,"La Mirada, CA",0.4107
6037530003,"South Montebello, Montebello, CA",0.4105
6037432500,"El Monte City, El Monte, CA",0.4104
6037702600,"Culver City, CA",0.4102
6037553100,"Bellflower, CA",0.4095
6037552900,"Norwalk, CA",0.4087
6037554001,"Bellflower, CA",0.4079
6037481500,"Alhambra, CA",0.4079
6037264302,"Brentwood, Los Angeles, CA",0.4078
6037408302,"Whittier, CA",0.4069
6037481401,"San Gabriel, CA",0.4066
6037503302,"East Whitter, Whittier, CA",0.4062
6037650300,"Northwest Torrance, Torrance, CA",0.406
6037502005,"East Whitter, Whittier, CA",0.4059
6037501300,"Whittier, CA",0.4054
6037434004,"El Monte, CA",0.4054
6037481712,"Garvey, Monterey Park, CA",0.4053
6037433601,"Garvey, Rosemead, CA",0.405
6037211703,"Central LA, Los Angeles, CA",0.4045
6037214901,"Beverly Grove, West Hollywood, CA",0.4042
6037552002,"Norwalk, CA",0.4041
6037214800,"Beverly Grove, Los Angeles, CA",0.4039
6037620522,"North Redondo, Redondo Beach, CA",0.4036
6037267300,"West Los Angeles, Los Angeles, CA",0.4035
6037650101,"Northeast Torrance, Torrance, CA",0.4035
6037481604,"Alhambra, CA",0.4034
6037550700,"Downey, CA",0.403
6037701902,"Downtown, Santa Monica, CA",0.4023
6037207102,"Central LA, Los Angeles, CA",0.4019
6037650605,"Delthorne, Torrance, CA",0.4018
6037554515,"Cerritos, CA",0.4015
6037481606,"Alhambra, CA",0.4014
6037408303,"Whittier, CA",0.4012
6037194500,"Central LA, Los Angeles, CA",0.4008
6037216401,"Central LA, Los Angeles, CA",0.4005
6037432201,"Rosemead, CA",0.3997
6037621002,"Hermosa Beach, CA",0.399
6037554103,"Bellflower, CA",0.3987
6037207101,"Central LA, Los Angeles, CA",0.3984
6037481603,"Alhambra, CA",0.3974
6037293201,"Harbor, Torrance, CA",0.3971
6059110110,"Cypress, CA",0.397
6037650003,"Northwest Torrance, Torrance, CA",0.3969
6037482702,"South Montebello, Monterey Park, CA",0.3965
6037980010,"Echo Park, Los Angeles, CA",0.3963
6037571504,"Bixby Knolls, Long Beach, CA",0.3958
6037702501,"Carlson Park, Culver City, CA",0.3951
6037550500,"Downey, CA",0.3942
6037701501,"Wilshire Montana, Santa Monica, CA",0.3941
6037650800,"Park Plaza, Torrance, CA",0.3941
6037650902,"Old Town Torrance, Torrance, CA",0.3936
6037570701,"Lakewood Mutual, Lakewood, CA",0.3932
6037551502,"Downey, CA",0.393
6037481300,"Rosemead, CA",0.393
6037620601,"North Redondo, Redondo Beach, CA",0.3927
6037702802,"McLaughlin, Los Angeles, CA",0.3926
6037191820,"Central LA, Los Angeles, CA",0.3925
6037551501,"Downey, CA",0.3923
6037700400,"Central LA, West Hollywood, CA",0.3922
6037555001,"Lakewood, CA",0.3921
6037621201,"South Redondo, Redondo Beach, CA",0.3915
6037208904,"Central LA, Los Angeles, CA",0.3914
6037553300,"Bellflower, CA",0.3912
6037550902,"Downey, CA",0.391
6037271300,"Mar Vista, Los Angeles, CA",0.3906
6037551800,"Downey, CA",0.3904
6037481605,"Alhambra, CA",0.3901
6037267402,"West Los Angeles, Los Angeles, CA",0.39
6037269903,"Palms, Los Angeles, CA",0.3899
6037482101,"Monterey Park, CA",0.3897
6037502004,"East Whitter, Whittier, CA",0.3893
6037543602,"Torrance, CA",0.3893
6037550202,"Norwalk, CA",0.3893
6037621326,"South Redondo, Redondo Beach, CA",0.3892
6037481901,"Alhambra, CA",0.3891
6037552302,"Norwalk, CA",0.3891
6037272301,"Mar Vista, Los Angeles, CA",0.3884
6037267700,"Sawtelle, Los Angeles, CA",0.388
6037432202,"Rosemead, CA",0.3876
6037265202,"Westwood, Los Angeles, CA",0.3874
6037533503,"Huntington Park, CA",0.3873
6037482001,"Monterey Park, CA",0.3873
6037214501,"Central LA, Los Angeles, CA",0.3873
6037530004,"South Montebello, Montebello, CA",0.3872
6037550601,"Downey, CA",0.387
6037267403,"West Los Angeles, Los Angeles, CA",0.3868
6037501002,"Whittier, CA",0.3868
6037265201,"Westwood, Los Angeles, CA",0.3867
6037502500,"El Rancho, Pico Rivera, CA",0.3865
6037571502,"Bixby North, Long Beach, CA",0.3864
6037551202,"Downey, CA",0.3864
6059110500,"Buena Park, CA",0.3863
6037195903,"Silver Lake, Los Angeles, CA",0.3858
6037554203,"Bellflower, CA",0.3853
6037212701,"Central LA, Los Angeles, CA",0.3852
6037207501,"Downtown, Los Angeles, CA",0.3852
6059086901,"Southwest Anaheim, Anaheim, CA",0.3851
6037554405,"Bellflower, CA",0.3849
6037700200,"Central LA, West Hollywood, CA",0.3847
6037272100,"Mar Vista, Los Angeles, CA",0.3843
6037265303,"Westwood, Los Angeles, CA",0.3842
6037503104,"Whittier, CA",0.3841
6037275400,"Los Angeles, CA",0.3841
6037701402,"Wilshire Montana, Santa Monica, CA",0.3838
6037603500,"Gardena, CA",0.3838
6059110606,"Buena Park, CA",0.3832
6037271802,"Palms, Los Angeles, CA",0.3828
6037480903,"Alhambra, CA",0.3828
6037553200,"Bellflower, CA",0.3825
6037197700,"Echo Park, Los Angeles, CA",0.382
6037555104,"Lakewood, CA",0.3819
6037554700,"Norwalk, CA",0.3819
6037502801,"Santa Fe Springs, CA",0.3817
6037502901,"East Whitter, Whittier, CA",0.3815
6037433307,"El Monte, CA",0.3815
6037481001,"Alhambra, CA",0.3807
6037536102,"South Gate, CA",0.3797
6037278001,"Westchester, Los Angeles, CA",0.3794
6037543501,"Carson, CA",0.3794
6037264000,"Brentwood, Los Angeles, CA",0.379
6037432902,"Rosemead, CA",0.3785
6037503103,"Whittier, CA",0.3782
6037273100,"Venice, Los Angeles, CA",0.3782
6037554201,"Bellflower, CA",0.378
6037602301,"Hawthorne, CA",0.3777
6037264301,"Brentwood, Los Angeles, CA",0.3765
6037211701,"Central LA, Los Angeles, CA",0.3758
6037269907,"Palms, Los Angeles, CA",0.3757
6037543701,"Carson, CA",0.3755
6037482402,"Garvey, Rosemead, CA",0.3754
6037271902,"Mar Vista, Los Angeles, CA",0.3754
6037552700,"Norwalk, CA",0.3753
6037433401,"South El Monte, CA",0.375
6037482503,"Garvey, Rosemead, CA",0.3748
6037551700,"Downey, CA",0.3746
6037432602,"El Monte City, El Monte, CA",0.3745
6037262100,"Bel Air, Los Angeles, CA",0.3743
6037195500,"Silver Lake, Los Angeles, CA",0.3743
6037551201,"Downey, CA",0.3742
6037550000,"Norwalk, CA",0.3742
6037552400,"Norwalk, CA",0.374
6037543502,"Torrance, CA",0.3736
6037702202,"Sunset Park, Santa Monica, CA",0.3731
6037212102,"Central LA, Los Angeles, CA",0.373
6037701602,"Mid-City, Santa Monica, CA",0.3726
6037503106,"Whittier, CA",0.3726
6037501503,"Whittier, CA",0.3725
6037271901,"Mar Vista, Los Angeles, CA",0.3725
6037482304,"Garvey, Rosemead, CA",0.3724
6037550901,"Downey, CA",0.3709
6037275311,"Los Angeles, CA",0.3704
6037502100,"Whittier, CA",0.3701
6037481711,"Monterey Park, CA",0.3698
6037482303,"Garvey, Rosemead, CA",0.3695
6037552100,"Norwalk, CA",0.3692
6037433402,"El Monte, CA",0.3692
6037500403,"El Rancho, Pico Rivera, CA",0.369
6037433306,"El Monte, CA",0.3689
6037554801,"Artesia, CA",0.3684
6037603600,"Gardena, CA",0.3682
6037480901,"Alhambra, CA",0.3681
6037603802,"Lawndale, CA",0.368
6037209300,"Central LA, Los Angeles, CA",0.3676
6037603703,"Hawthorne, CA",0.3676
6037553400,"Downey, CA",0.3669
6037212420,"Central LA, Los Angeles, CA",0.3665
6037408301,"Bassett, Avocado Heights, CA",0.3661
6037702400,"Lucerne - Higuera, Culver City, CA",0.366
6037701302,"Wilshire Montana, Santa Monica, CA",0.3656
6037702201,"Sunset Park, Santa Monica, CA",0.3647
6037211420,"Central LA, Los Angeles, CA",0.3646
6037262200,"Bel Air, Los Angeles, CA",0.3643
6037550300,"Norwalk, CA",0.3642
6037550100,"Norwalk, CA",0.3641
6037543601,"Carson, CA",0.3639
6037213401,"Central LA, Los Angeles, CA",0.3635
6037550201,"Norwalk, CA",0.3634
6037275302,"Marina del Rey, CA",0.3634
6037211410,"Central LA, Los Angeles, CA",0.3632
6037543801,"Carson, CA",0.3631
6037552800,"Norwalk, CA",0.3626
6037702901,"Marina del Rey, CA",0.3626
6037480803,"Alhambra, CA",0.3621
6037500700,"El Rancho, Pico Rivera, CA",0.3617
6037432901,"Rosemead, CA",0.3617
6037701100,"West Los Angeles, Los Angeles, CA",0.3616
6037432401,"El Monte City, El Monte, CA",0.3613
6037543802,"Carson, CA",0.3612
6059110603,"Buena Park, CA",0.3609
6037482521,"South Montebello, Rosemead, CA",0.3608
6037433200,"El Monte City, El Monte, CA",0.3608
6037502200,"Whittier, CA",0.3607
6037192510,"Central LA, Los Angeles, CA",0.3606
6037213100,"Central LA, Los Angeles, CA",0.3605
6037217002,"Central LA, Los Angeles, CA",0.3603
6037433602,"Garvey, Rosemead, CA",0.36
6037211121,"Central LA, Los Angeles, CA",0.36
6037530301,"East Los Angeles, CA",0.3599
6037702801,"Clarkdale, Culver City, CA",0.3597
6037224700,"South Los Angeles, Los Angeles, CA",0.3596
6037552301,"Norwalk, CA",0.3595
6037192620,"Central LA, Los Angeles, CA",0.3593
6037702300,"Sunset Park, Santa Monica, CA",0.359
6037551401,"Downey, CA",0.3589
6037271801,"Palms, Los Angeles, CA",0.3583
6037207103,"Central LA, Los Angeles, CA",0.3582
6037502401,"El Rancho, Pico Rivera, CA",0.3581
6037432300,"El Monte City, El Monte, CA",0.3578
6037535902,"South Gate, CA",0.3574
6037432700,"El Monte City, El Monte, CA",0.3572
6037267600,"Sawtelle, Los Angeles, CA",0.3571
6037204110,"Boyle Heights, Los Angeles, CA",0.3567
6037191901,"Central LA, Los Angeles, CA",0.3567
6037481902,"Alhambra, CA",0.3564
6037433102,"El Monte City, El Monte, CA",0.3562
6037433503,"El Monte City, South El Monte, CA",0.3561
6037602402,"Hawthorne, CA",0.3558
6037271701,"Palms, Los Angeles, CA",0.3556
6037434003,"El Monte, CA",0.3556
6037212410,"Central LA, Los Angeles, CA",0.3553
6037533001,"South Los Angeles, Los Angeles, CA",0.3552
6037211122,"Central LA, Los Angeles, CA",0.3552
6037604100,"Lawndale, CA",0.3551
6037206010,"Central LA, Los Angeles, CA",0.3549
6037603900,"Lawndale, CA",0.3549
6037503202,"East Whitter, Whittier, CA",0.3547
6037211921,"Central LA, Los Angeles, CA",0.3543
6037554301,"Bellflower, CA",0.3542
6037482201,"Monterey Park, CA",0.3538
6037197300,"Echo Park, Los Angeles, CA",0.3535
6037208501,"Central LA, Los Angeles, CA",0.3532
6037226001,"South Los Angeles, Los Angeles, CA",0.3529
6037551101,"Downey, CA",0.3527
6037530006,"South Montebello, Montebello, CA",0.3525
6037212620,"Central LA, Los Angeles, CA",0.3524
6037572301,"Arlington, Long Beach, CA",0.3519
6037555103,"Lakewood, CA",0.3516
6037543306,"Carson, CA",0.3515
6037432402,"El Monte City, El Monte, CA",0.3514
6037482502,"Garvey, Rosemead, CA",0.3512
6037212304,"Central LA, Los Angeles, CA",0.351
6037264102,"Brentwood, Los Angeles, CA",0.3508
6037603200,"Gardena, CA",0.3508
6037208620,"Central LA, Los Angeles, CA",0.3507
6037201503,"Northeast Los Angeles, Los Angeles, CA",0.3506
6037267502,"West Los Angeles, Los Angeles, CA",0.3498
6037554002,"Bellflower, CA",0.3495
6037502700,"Santa Fe Springs, CA",0.3495
6037480902,"Alhambra, CA",0.3494
6037500800,"El Rancho, Pico Rivera, CA",0.3493
6037551900,"Norwalk, CA",0.349
6037208610,"Central LA, Los Angeles, CA",0.3486
6037199400,"Mount Washington, Los Angeles, CA",0.3483
6037572002,"Bixby Knolls, Long Beach, CA",0.3483
6037433304,"El Monte, CA",0.3479
6037201601,"Northeast Los Angeles, Los Angeles, CA",0.3478
6037212702,"Central LA, Los Angeles, CA",0.3478
6037482301,"Garvey, San Gabriel, CA",0.3478
6037211922,"Central LA, Los Angeles, CA",0.3478
6037214502,"Central LA, Los Angeles, CA",0.3478
6037195802,"Central LA, Los Angeles, CA",0.3476
6037536200,"South Gate, CA",0.3473
6037433902,"El Monte, CA",0.3472
6037500900,"El Rancho, Pico Rivera, CA",0.347
6037540201,"South Gate, CA",0.3467
6037552601,"Norwalk, CA",0.3465
6037208801,"Central LA, Los Angeles, CA",0.3463
6037433504,"El Monte City, El Monte, CA",0.3463
6037201700,"Northeast Los Angeles, Los Angeles, CA",0.3458
6037212306,"Central LA, Los Angeles, CA",0.3455
6037208710,"Central LA, Los Angeles, CA",0.3454
6037207301,"Central LA, Los Angeles, CA",0.345
6037501504,"Whittier, CA",0.3449
6037604002,"Lawndale, CA",0.3448
6037197200,"Echo Park, Los Angeles, CA",0.3445
6037534501,"Huntington Park, CA",0.3433
6037195804,"Silver Lake, Los Angeles, CA",0.3433
6037533106,"Huntington Park, CA",0.3433
6037209520,"Central LA, Los Angeles, CA",0.3432
6037543903,"Carson, CA",0.3431
6037701502,"Downtown, Santa Monica, CA",0.3428
6037433801,"South El Monte, CA",0.3426
6037192420,"Central LA, Los Angeles, CA",0.3426
6037433901,"El Monte, CA",0.3426
6037535605,"South Gate, CA",0.3426
6037502802,"Santa Fe Springs, CA",0.3425
6037701701,"Mid-City, Santa Monica, CA",0.3425
6037555002,"Lakewood, CA",0.3424
6037570502,"Grant, Long Beach, CA",0.3424
6037571503,"Bixby North, Long Beach, CA",0.3421
6037432601,"El Monte City, El Monte, CA",0.3419
6037601202,"Inglewood, CA",0.3416
6037273402,"Venice, Los Angeles, CA",0.3415
6037206031,"Arts District, Los Angeles, CA",0.3415
6037553802,"Paramount, CA",0.3412
6037273800,"Venice, Los Angeles, CA",0.341
6037535607,"South Gate, CA",0.3408
6037187102,"Atwater Village, Los Angeles, CA",0.3398
6037554104,"Bellflower, CA",0.3395
6037534802,"Huntington Park, CA",0.3394
6037533502,"Huntington Park, CA",0.3392
6037603400,"Gardena, CA",0.339
6037530202,"South Montebello, Montebello, CA",0.3388
6037604001,"Lawndale, CA",0.3387
6037503105,"Whittier, CA",0.3376
6037552001,"Norwalk, CA",0.3374
6037270200,"Palms, Los Angeles, CA",0.3372
6037211120,"Central LA, Los Angeles, CA",0.3371
6037199800,"Northeast Los Angeles, Los Angeles, CA",0.3371
6037531502,"East Los Angeles, CA",0.3363
6037601502,"Inglewood, CA",0.3363
6037291220,"Harbor, Gardena, CA",0.336
6037532500,"Huntington Park, CA",0.336
6037602200,"Los Angeles, CA",0.3354
6037533805,"Bell, CA",0.3354
6037533601,"Bell, CA",0.3353
6037601402,"Inglewood, CA",0.3352
6037221120,"Central LA, Los Angeles, CA",0.3351
6037534404,"Cudahy, CA",0.335
6037197600,"Echo Park, Los Angeles, CA",0.3347
6037702102,"Ocean Park, Santa Monica, CA",0.3346
6037482522,"South Montebello, Montebello, CA",0.3341
6037203800,"Boyle Heights, Los Angeles, CA",0.3341
6037504101,"La Mirada, CA",0.3338
6037544002,"Long Beach, CA",0.3337
6037570100,"Ramona Park, Long Beach, CA",0.3336
6037192410,"Central LA, Los Angeles, CA",0.3336
6037501001,"Whittier, CA",0.3332
6037212101,"Central LA, Los Angeles, CA",0.3331
6037433302,"El Monte, CA",0.3331
6037272201,"Mar Vista, Los Angeles, CA",0.3328
6037701702,"Downtown, Santa Monica, CA",0.3325
6037267501,"West Los Angeles, Los Angeles, CA",0.3324
6037570501,"Jordan, Long Beach, CA",0.3324
6037570601,"Lindbergh, Long Beach, CA",0.3321
6037702502,"Culver City, CA",0.3319
6037531102,"Los Angeles, CA",0.3316
6037553702,"Paramount, CA",0.3312
6037553504,"Paramount, CA",0.3311
6037571701,"North Long Beach, Long Beach, CA",0.3308
6037433802,"South El Monte, CA",0.3307
6037213201,"Central LA, Los Angeles, CA",0.3307
6037553901,"Paramount, CA",0.3306
6037530802,"Los Angeles, CA",0.3303
6037211320,"Central LA, Los Angeles, CA",0.3302
6037213402,"Central LA, Los Angeles, CA",0.3302
6037191500,"Central LA, Los Angeles, CA",0.3301
6037199110,"Montecito Heights, Los Angeles, CA",0.3295
6037204300,"Boyle Heights, Los Angeles, CA",0.3293
6037482701,"South Montebello, Monterey Park, CA",0.3293
6037211803,"Central LA, Los Angeles, CA",0.3292
6037216300,"Central LA, Los Angeles, CA",0.3291
6037433305,"El Monte, CA",0.3291
6037212501,"Central LA, Los Angeles, CA",0.3286
6037702002,"Ocean Park, Santa Monica, CA",0.3284
6037224410,"South Los Angeles, Los Angeles, CA",0.3283
6037271200,"Sawtelle, Los Angeles, CA",0.3276
6037535604,"South Gate, CA",0.3275
6037551300,"Downey, CA",0.3275
6037502601,"El Rancho, Pico Rivera, CA",0.3274
6037503000,"Whittier, CA",0.327
6037212800,"Central LA, Los Angeles, CA",0.327
6037571704,"Addams, Long Beach, CA",0.3267
6037530101,"South Montebello, Montebello, CA",0.3267
6037530102,"South Montebello, Montebello, CA",0.3266
6037532001,"South Montebello, Montebello, CA",0.3264
6037534102,"South Montebello, Bell Gardens, CA",0.3263
6037203720,"Boyle Heights, Los Angeles, CA",0.3263
6037552200,"Norwalk, CA",0.3259
6037482800,"South Montebello, Monterey Park, CA",0.3259
6037203300,"Northeast Los Angeles, Los Angeles, CA",0.3255
6037199201,"Montecito Heights, Los Angeles, CA",0.3252
6037603006,"Gardena, CA",0.3252
6037480802,"Alhambra, CA",0.3252
6037273600,"Venice, Los Angeles, CA",0.325
6037601700,"Inglewood, CA",0.3245
6037603801,"Lawndale, CA",0.3244
6037482401,"Garvey, Rosemead, CA",0.3243
6037532002,"South Montebello, Montebello, CA",0.3242
6037433501,"El Monte City, South El Monte, CA",0.3241
6037533902,"South Montebello, Bell Gardens, CA",0.324
6037215102,"Central LA, Los Angeles, CA",0.3238
6037570203,"North Long Beach, Long Beach, CA",0.3236
6037204910,"Boyle Heights, Los Angeles, CA",0.3236
6037531201,"Los Angeles, CA",0.3236
6037533901,"South Montebello, Bell Gardens, CA",0.3235
6037201301,"Montecito Heights, Los Angeles, CA",0.3234
6037554404,"Bellflower, CA",0.3233
6037554204,"Bellflower, CA",0.3233
6037203500,"Boyle Heights, Los Angeles, CA",0.3232
6037532700,"South Los Angeles, Los Angeles, CA",0.3232
6037501200,"Whittier, CA",0.3232
6037192700,"Central LA, Los Angeles, CA",0.3232
6037211310,"Central LA, Los Angeles, CA",0.3231
6037601600,"Inglewood, CA",0.3231
6037530204,"South Montebello, Montebello, CA",0.3231
6037209510,"Central LA, Los Angeles, CA",0.323
6037534406,"Cudahy, CA",0.3228
6037571703,"Addams, Long Beach, CA",0.3227
6037532101,"South Montebello, Montebello, CA",0.3227
6037224320,"Central LA, Los Angeles, CA",0.3226
6037502902,"Santa Fe Springs, CA",0.3226
6037540501,"Lynwood, CA",0.3225
6037201602,"Northeast Los Angeles, Los Angeles, CA",0.3223
6037532102,"South Montebello, Montebello, CA",0.3221
6037215101,"Central LA, Los Angeles, CA",0.3221
6037272202,"Mar Vista, Los Angeles, CA",0.322
6037501400,"Whittier, CA",0.322
6037433700,"South El Monte, CA",0.322
6037275102,"Culver City, CA",0.3218
6037502301,"Whittier, CA",0.3216
6037195400,"Silver Lake, Los Angeles, CA",0.3216
6037531504,"East Los Angeles, CA",0.321
6037211804,"Central LA, Los Angeles, CA",0.321
6037535502,"South Gate, CA",0.321
6037502602,"El Rancho, Pico Rivera, CA",0.3209
6037224020,"South Los Angeles, Los Angeles, CA",0.3207
6037532303,"South Montebello, Commerce, CA",0.3206
6037275603,"Culver City, CA",0.3206
6037603101,"Gardena, CA",0.3205
6037533202,"Huntington Park, CA",0.3204
6037199300,"Montecito Heights, Los Angeles, CA",0.3203
6037533702,"Maywood, CA",0.3198
6037533501,"Huntington Park, CA",0.3197
6037533803,"Bell, CA",0.3196
6037533603,"Bell, CA",0.3195
6037191610,"Central LA, Los Angeles, CA",0.3195
6037211201,"Central LA, Los Angeles, CA",0.3195
6037555212,"Hawaiian Gardens, CA",0.3192
6037534700,"Huntington Park, CA",0.319
6037532606,"Huntington Park, CA",0.3182
6037221820,"Jefferson, Los Angeles, CA",0.318
6037219901,"Los Angeles, CA",0.318
6037533203,"Huntington Park, CA",0.3178
6037555102,"Lakewood, CA",0.3175
6037535804,"South Gate, CA",0.3173
6037433403,"El Monte, CA",0.3172
6037603301,"Gardena, CA",0.3167
6037531702,"South Montebello, East Los Angeles, CA",0.3165
6037195803,"Silver Lake, Los Angeles, CA",0.3165
6037502003,"East Whitter, Whittier, CA",0.3163
6037533105,"Huntington Park, CA",0.3162
6037535802,"South Gate, CA",0.3159
6037201110,"Northeast Los Angeles, Los Angeles, CA",0.3155
6037534900,"South Los Angeles, Los Angeles, CA",0.3149
6037533401,"Maywood, CA",0.3148
6037216100,"Central LA, Los Angeles, CA",0.3145
6037272302,"Mar Vista, Los Angeles, CA",0.3143
6037531901,"South Montebello, East Los Angeles, CA",0.3142
6037211704,"Central LA, Los Angeles, CA",0.314
6037555211,"Hawaiian Gardens, CA",0.314
6037212305,"Central LA, Los Angeles, CA",0.3138
6037530601,"Los Angeles, CA",0.3137
6037602106,"Hawthorne, CA",0.3136
6037199120,"Montecito Heights, Los Angeles, CA",0.3132
6037201200,"Northeast Los Angeles, Los Angeles, CA",0.3131
6037433101,"El Monte City, El Monte, CA",0.3127
6037536103,"South Gate, CA",0.3125
6037204200,"Boyle Heights, Los Angeles, CA",0.3125
6037208301,"Central LA, Los Angeles, CA",0.3124
6037535501,"South Gate, CA",0.3124
6037603004,"Gardena, CA",0.3123
6037211802,"Central LA, Los Angeles, CA",0.3122
6037570204,"North Long Beach, Long Beach, CA",0.3121
6037533104,"Huntington Park, CA",0.3118
6037554105,"Bellflower, CA",0.3115
6037228420,"South Los Angeles, Los Angeles, CA",0.3113
6037531800,"South Montebello, East Los Angeles, CA",0.3112
6037543305,"Los Angeles County, CA",0.311
6037535300,"South Los Angeles, Los Angeles, CA",0.311
6037533107,"Huntington Park, CA",0.3108
6037221602,"Central LA, Los Angeles, CA",0.3105
6037191420,"Central LA, Los Angeles, CA",0.3105
6037601802,"Inglewood, CA",0.3104
6037533806,"Bell, CA",0.3101
6037267404,"Sawtelle, Los Angeles, CA",0.3101
6037544001,"Carson, CA",0.3099
6037195600,"Los Angeles, CA",0.3096
6037531000,"Los Angeles, CA",0.3094
6037291210,"Harbor, Gardena, CA",0.3094
6037603302,"Gardena, CA",0.3091
6037203710,"Boyle Heights, Los Angeles, CA",0.309
6037212202,"Central LA, Los Angeles, CA",0.3088
6037434001,"El Monte, CA",0.3081
6037553701,"Paramount, CA",0.3081
6037502402,"El Rancho, Pico Rivera, CA",0.3075
6037201501,"Northeast Los Angeles, Los Angeles, CA",0.3072
6037535901,"South Gate, CA",0.3072
6037191810,"Central LA, Los Angeles, CA",0.3072
6037226410,"South Los Angeles, Los Angeles, CA",0.3072
6037530500,"East Los Angeles, CA",0.3071
6037540300,"Lynwood, CA",0.3069
6037500404,"El Rancho, Pico Rivera, CA",0.3067
6037273700,"Venice, Los Angeles, CA",0.3067
6037532900,"South Los Angeles, Los Angeles, CA",0.3065
6037533402,"Maywood, CA",0.3065
6037199000,"Northeast Los Angeles, Los Angeles, CA",0.3065
6037197410,"Echo Park, Los Angeles, CA",0.3065
6037533300,"Maywood, CA",0.3063
6037275602,"Westchester, Los Angeles, CA",0.3063
6037602002,"Hawthorne, CA",0.3061
6037269700,"Beverlywood, Los Angeles, CA",0.306
6037534201,"South Montebello, Bell Gardens, CA",0.3059
6037534001,"South Montebello, Bell Gardens, CA",0.3059
6037201401,"Northeast Los Angeles, Los Angeles, CA",0.3058
6037570602,"Harte, Long Beach, CA",0.3058
6037500600,"El Rancho, Pico Rivera, CA",0.3054
6037531902,"South Montebello, East Los Angeles, CA",0.3052
6037534302,"Cudahy, CA",0.3051
6037534405,"Cudahy, CA",0.3049
6037212203,"Central LA, Los Angeles, CA",0.3043
6037212610,"Central LA, Los Angeles, CA",0.3042
6037551102,"Downey, CA",0.304
6037185202,"Mount Washington, Los Angeles, CA",0.3038
6037600912,"Inglewood, CA",0.3038
6037601501,"Inglewood, CA",0.3035
6037531302,"Los Angeles, CA",0.3034
6037535702,"South Gate, CA",0.3033
6037213202,"Central LA, Los Angeles, CA",0.3033
6037570301,"North Long Beach, Long Beach, CA",0.3031
6037540203,"Lynwood, CA",0.3031
6037209402,"Central LA, Los Angeles, CA",0.3027
6037201402,"Northeast Los Angeles, Los Angeles, CA",0.3023
6037533602,"Bell, CA",0.3022
6037530901,"Los Angeles, CA",0.3022
6037207502,"Downtown, Los Angeles, CA",0.302
6037269906,"Palms, Los Angeles, CA",0.3019
6037553602,"Paramount, CA",0.3019
6037228500,"South Figueroa Corridor, Los Angeles, CA",0.3019
6037207710,"Central LA, Los Angeles, CA",0.3018
6037500402,"El Rancho, Pico Rivera, CA",0.3015
6037532200,"South Montebello, Montebello, CA",0.3014
6037269800,"Castle Heights, Los Angeles, CA",0.3014
6037275500,"Culver City, CA",0.3012
6037291130,"Harbor, Gardena, CA",0.3012
6037194401,"Beverly Grove, Los Angeles, CA",0.3009
6037243000,"South Los Angeles, Los Angeles, CA",0.3003
6037570304,"North Long Beach, Long Beach, CA",0.3002
6037208402,"Central LA, Los Angeles, CA",0.3001
6037205110,"Boyle Heights, Los Angeles, CA",0.3
6037533804,"Bell, CA",0.2996
6037620201,"Manhattan Beach, CA",0.2995
6037534203,"South Montebello, Bell Gardens, CA",0.2995
6037204700,"Boyle Heights, Los Angeles, CA",0.2994
6037542106,"East Compton, CA",0.2992
6037224420,"South Los Angeles, Los Angeles, CA",0.2986
6037535701,"South Gate, CA",0.2985
6037535606,"South Gate, CA",0.2985
6037535803,"South Gate, CA",0.298
6037209104,"Central LA, Los Angeles, CA",0.2976
6037553902,"Paramount, CA",0.2976
6037199202,"Montecito Heights, Los Angeles, CA",0.2972
6037530801,"Los Angeles, CA",0.2972
6037211910,"Central LA, Los Angeles, CA",0.2971
6037216800,"Central LA, Los Angeles, CA",0.297
6037270100,"Palms, Los Angeles, CA",0.2968
6037208401,"Central LA, Los Angeles, CA",0.2968
6037239601,"South Los Angeles, Los Angeles, CA",0.2967
6037553601,"Paramount, CA",0.2966
6037206050,"Central LA, Los Angeles, CA",0.2965
6037543905,"Carson, CA",0.2963
6037533703,"Maywood, CA",0.2963
6037204120,"Central LA, Los Angeles, CA",0.2962
6037534803,"Huntington Park, CA",0.2961
6037277200,"Westchester, Los Angeles, CA",0.2961
6037206032,"Central LA, Los Angeles, CA",0.296
6037540101,"Lynwood, CA",0.296
6037269904,"Palms, Los Angeles, CA",0.2959
6037532603,"Huntington Park, CA",0.2957
6037700502,"Central LA, West Hollywood, CA",0.2956
6037536000,"South Gate, CA",0.2956
6037275200,"Los Angeles, CA",0.2956
6037530302,"South Montebello, East Los Angeles, CA",0.2953
6037192520,"Central LA, Los Angeles, CA",0.2951
6037553801,"Paramount, CA",0.2949
6037213320,"Central LA, Los Angeles, CA",0.2947
6037502302,"Whittier, CA",0.2947
6037195902,"Silver Lake, Los Angeles, CA",0.2946
6037532605,"Huntington Park, CA",0.2943
6037534502,"Huntington Park, CA",0.2942
6037203600,"Boyle Heights, Los Angeles, CA",0.2941
6037501803,"Whittier, CA",0.294
6037570202,"Hamilton, Long Beach, CA",0.294
6037204920,"Boyle Heights, Los Angeles, CA",0.2938
6037602103,"Hawthorne, CA",0.2935
6037534002,"South Montebello, Bell Gardens, CA",0.2929
6037541802,"Lynwood, CA",0.2929
6037601801,"Inglewood, CA",0.2925
6037500500,"El Rancho, Pico Rivera, CA",0.2921
6037540000,"Lynwood, CA",0.2921
6037531603,"East Los Angeles, CA",0.292
6037534202,"South Montebello, Bell Gardens, CA",0.2915
6037221210,"Central LA, Los Angeles, CA",0.2913
6037535603,"South Gate, CA",0.2911
6037531503,"East Los Angeles, CA",0.2909
6037554302,"Bellflower, CA",0.2908
6037603102,"Gardena, CA",0.2907
6037533002,"South Los Angeles, Los Angeles, CA",0.2906
6037554403,"Bellflower, CA",0.2901
6037205120,"Central LA, Los Angeles, CA",0.2897
6037570303,"North Long Beach, Long Beach, CA",0.2896
6037536104,"South Gate, CA",0.2893
6037199700,"Central LA, Los Angeles, CA",0.289
6037197500,"Echo Park, Los Angeles, CA",0.289
6037221110,"Central LA, Los Angeles, CA",0.2889
6037540202,"Lynwood, CA",0.2888
6037293202,"Harbor Gateway South, Torrance, CA",0.2888
6037221220,"Central LA, Los Angeles, CA",0.2887
6037227020,"South Los Angeles, Los Angeles, CA",0.2887
6037540502,"Lynwood, CA",0.2886
6037204600,"Boyle Heights, Los Angeles, CA",0.2884
6037208502,"Central LA, Los Angeles, CA",0.2881
6037530602,"Los Angeles, CA",0.2873
6037185320,"Northeast Los Angeles, Los Angeles, CA",0.2872
6037553502,"Paramount, CA",0.2866
6037531101,"Los Angeles, CA",0.2864
6037212900,"Central LA, Los Angeles, CA",0.2864
6037533701,"Maywood, CA",0.2863
6037535002,"South Los Angeles, Los Angeles, CA",0.286
6037208802,"Central LA, Los Angeles, CA",0.286
6037531701,"South Montebello, East Los Angeles, CA",0.2848
6037432802,"El Monte City, El Monte, CA",0.2846
6037531202,"Los Angeles, CA",0.2846
6037191410,"Central LA, Los Angeles, CA",0.2843
6037531602,"South Montebello, East Los Angeles, CA",0.2843
6037602403,"Hawthorne, CA",0.2843
6037199900,"Montecito Heights, Los Angeles, CA",0.284
6037203200,"Boyle Heights, Los Angeles, CA",0.2839
6037219800,"Los Angeles, CA",0.2838
6037239320,"South Los Angeles, Los Angeles, CA",0.2837
6037531301,"Los Angeles, CA",0.2836
6037553503,"Paramount, CA",0.2831
6037542104,"East Compton, CA",0.2831
6037532800,"South Los Angeles, Los Angeles, CA",0.2829
6037533403,"Maywood, CA",0.2829
6037541700,"Lynwood, CA",0.2826
6037602509,"Hawthorne, CA",0.2821
6037701802,"Pico, Santa Monica, CA",0.2821
6037208000,"Central LA, Los Angeles, CA",0.282
6037197420,"Echo Park, Los Angeles, CA",0.2819
6037204810,"Boyle Heights, Los Angeles, CA",0.2819
6037501804,"Whittier, CA",0.2817
6037204410,"Central LA, Los Angeles, CA",0.2817
6037195710,"Los Angeles, CA",0.2815
6037239330,"South Los Angeles, Los Angeles, CA",0.2814
6037570403,"College Square, Long Beach, CA",0.2811
6037226002,"Central LA, Los Angeles, CA",0.2805
6037212303,"Central LA, Los Angeles, CA",0.2803
6037530203,"South Montebello, Montebello, CA",0.2802
6037532400,"Vernon, CA",0.2802
6037231800,"South Figueroa Corridor, Los Angeles, CA",0.2798
6037530902,"Los Angeles, CA",0.2794
6037224010,"Central LA, Los Angeles, CA",0.2791
6037269602,"Central LA, Los Angeles, CA",0.2785
6037191710,"Central LA, Los Angeles, CA",0.2785
6037221900,"South Los Angeles, Los Angeles, CA",0.2782
6037212204,"Central LA, Los Angeles, CA",0.2777
6037533201,"Huntington Park, CA",0.2773
6037543400,"Carson, CA",0.2773
6037534804,"Huntington Park, CA",0.2767
6037218120,"Central LA, Los Angeles, CA",0.2765
6037229420,"South Los Angeles, Los Angeles, CA",0.2763
6037269905,"Palms, Los Angeles, CA",0.276
6037208902,"Central LA, Los Angeles, CA",0.2756
6037239502,"South Los Angeles, Los Angeles, CA",0.2753
6037239602,"South Los Angeles, Los Angeles, CA",0.2752
6037601301,"Inglewood, CA",0.2748
6037208302,"Central LA, Los Angeles, CA",0.2747
6037273200,"Venice, Los Angeles, CA",0.2746
6037229200,"South Los Angeles, Los Angeles, CA",0.2744
6037600911,"Inglewood, CA",0.2743
6037209810,"Central LA, Los Angeles, CA",0.2742
6037535101,"South Los Angeles, Los Angeles, CA",0.2734
6037211202,"Central LA, Los Angeles, CA",0.2733
6037534101,"South Montebello, Bell Gardens, CA",0.2733
6037213310,"Central LA, Los Angeles, CA",0.273
6037540102,"Lynwood, CA",0.2726
6037221303,"Central LA, Los Angeles, CA",0.2725
6037530700,"Los Angeles, CA",0.2723
6037535001,"South Los Angeles, Los Angeles, CA",0.272
6037228800,"Central Alameda, Los Angeles, CA",0.272
6037214503,"Central LA, Los Angeles, CA",0.2718
6037209401,"Central LA, Los Angeles, CA",0.2717
6037531604,"East Los Angeles, CA",0.2717
6037239202,"South Los Angeles, Los Angeles, CA",0.2708
6037603001,"Gardena, CA",0.2707
6037291120,"Harbor, Gardena, CA",0.2705
6037201504,"Northeast Los Angeles, Los Angeles, CA",0.2705
6037534301,"Cudahy, CA",0.2703
6037532304,"South Montebello, Commerce, CA",0.2703
6037226700,"South Los Angeles, Los Angeles, CA",0.2702
6037541801,"Lynwood, CA",0.2702
6037238310,"South Figueroa Corridor, Los Angeles, CA",0.2698
6037292000,"Harbor, Torrance, CA",0.2696
6037237500,"South Figueroa Corridor, Los Angeles, CA",0.2695
6037216700,"Central LA, Los Angeles, CA",0.2694
6037701801,"Pico, Santa Monica, CA",0.2694
6037541400,"South Los Angeles, Compton, CA",0.2691
6037534403,"Cudahy, CA",0.2689
6037204420,"Boyle Heights, Los Angeles, CA",0.2679
6037535102,"South Los Angeles, Los Angeles, CA",0.2679
6037541500,"South Los Angeles, Compton, CA",0.2678
6037221302,"Central LA, Los Angeles, CA",0.2677
6037192610,"Central LA, Los Angeles, CA",0.2675
6037207900,"Central LA, Los Angeles, CA",0.2671
6037702803,"Los Angeles, CA",0.2671
6037602404,"Hawthorne, CA",0.267
6037228210,"South Los Angeles, Los Angeles, CA",0.2668
6037602900,"Gardena, CA",0.2667
6037224200,"Central LA, Los Angeles, CA",0.2664
6037601401,"Inglewood, CA",0.266
6037203100,"Northeast Los Angeles, Los Angeles, CA",0.2658
6037273300,"Venice, Los Angeles, CA",0.2653
6037221601,"Jefferson, Los Angeles, CA",0.2651
6037231220,"South Figueroa Corridor, Los Angeles, CA",0.2648
6037219010,"South Los Angeles, Los Angeles, CA",0.2647
6037432801,"El Monte City, El Monte, CA",0.2644
6037185310,"Northeast Los Angeles, Los Angeles, CA",0.2644
6037228320,"South Los Angeles, Los Angeles, CA",0.2643
6037572500,"West Side, Long Beach, CA",0.2639
6037212502,"Central LA, Los Angeles, CA",0.2636
6037533103,"Huntington Park, CA",0.2634
6037535503,"South Gate, CA",0.2627
6037242200,"South Los Angeles, Los Angeles, CA",0.2626
6037227010,"South Los Angeles, Los Angeles, CA",0.2622
6037602003,"Inglewood, CA",0.2619
6037530400,"Monterey Park, CA",0.2617
6037210010,"Central LA, Los Angeles, CA",0.2617
6037600703,"Morningside Park, Inglewood, CA",0.2614
6037203900,"Boyle Heights, Los Angeles, CA",0.2611
6037209200,"Central LA, Los Angeles, CA",0.2608
6037204820,"Boyle Heights, Los Angeles, CA",0.2604
6037570404,"Freeway Circle, Long Beach, CA",0.26
6037226420,"South Los Angeles, Los Angeles, CA",0.2597
6037191720,"Central LA, Los Angeles, CA",0.2597
6037239310,"South Los Angeles, Los Angeles, CA",0.2588
6037228220,"South Los Angeles, Los Angeles, CA",0.2584
6037228310,"South Los Angeles, Los Angeles, CA",0.2583
6037218701,"Central LA, Los Angeles, CA",0.2582
6037231720,"South Figueroa Corridor, Los Angeles, CA",0.2581
6037229100,"Central Alameda, Los Angeles, CA",0.258
6037228900,"Central Alameda, Los Angeles, CA",0.2578
6037532302,"South Montebello, Los Angeles, CA",0.2573
6037228720,"South Los Angeles, Los Angeles, CA",0.2555
6037231600,"South Los Angeles, Los Angeles, CA",0.2554
6037542602,"Compton, CA",0.2551
6037216900,"Central LA, Los Angeles, CA",0.2549
6037195901,"Silver Lake, Los Angeles, CA",0.2544
6037232600,"South Los Angeles, Los Angeles, CA",0.2542
6037541604,"Compton, CA",0.254
6037602004,"Inglewood, CA",0.253
6037603704,"Hawthorne, CA",0.253
6037221710,"Jefferson, Los Angeles, CA",0.253
6037542601,"Compton, CA",0.2529
6037228100,"South Los Angeles, Los Angeles, CA",0.2524
6037237600,"South Figueroa Corridor, Los Angeles, CA",0.2523
6037240200,"South Los Angeles, Los Angeles, CA",0.2522
6037221500,"South Los Angeles, Los Angeles, CA",0.2519
6037231210,"South Los Angeles, Los Angeles, CA",0.2517
6037601900,"Inglewood, CA",0.2515
6037209103,"Central LA, Los Angeles, CA",0.2506
6037231100,"South Los Angeles, Los Angeles, CA",0.2505
6037228410,"South Los Angeles, Los Angeles, CA",0.2501
6037535400,"South Los Angeles, Los Angeles, CA",0.25
6037195720,"Echo Park, Los Angeles, CA",0.2496
6037542105,"Compton, CA",0.2496
6037541605,"Compton, CA",0.2495
6037209102,"Central LA, Los Angeles, CA",0.2493
6037218800,"Central LA, Los Angeles, CA",0.2493
6037239501,"South Los Angeles, Los Angeles, CA",0.249
6037239201,"South Los Angeles, Los Angeles, CA",0.2484
6037208903,"Central LA, Los Angeles, CA",0.2477
6037540400,"South Los Angeles, Los Angeles, CA",0.2477
6037219700,"Jefferson, Los Angeles, CA",0.2475
6037222200,"South Los Angeles, Los Angeles, CA",0.247
6037273502,"Venice, Los Angeles, CA",0.247
6037209403,"Central LA, Los Angeles, CA",0.2467
6037232800,"South Figueroa Corridor, Los Angeles, CA",0.2467
6037542900,"Compton, CA",0.2461
6037572400,"Upper Westside, Long Beach, CA",0.246
6037541002,"Carson, CA",0.2457
6037703001,"Fox Hills, Culver City, CA",0.2456
6037217200,"Central LA, Los Angeles, CA",0.2452
6037600502,"Inglewood, CA",0.2452
6037602104,"Hawthorne, CA",0.244
6037532604,"Huntington Park, CA",0.244
6037570402,"Coolidge Triangle, Long Beach, CA",0.2434
6037219902,"Los Angeles, CA",0.2431
6037222500,"South Los Angeles, Los Angeles, CA",0.2431
6037228600,"South Los Angeles, Los Angeles, CA",0.243
6037240010,"South Los Angeles, Los Angeles, CA",0.2428
6037222001,"Jefferson, Los Angeles, CA",0.2428
6037228710,"Central Alameda, Los Angeles, CA",0.242
6037218400,"Central LA, Los Angeles, CA",0.2417
6037229300,"South Figueroa Corridor, Los Angeles, CA",0.2411
6037232110,"South Figueroa Corridor, Los Angeles, CA",0.2409
6037231900,"South Figueroa Corridor, Los Angeles, CA",0.2409
6037218220,"Central LA, Los Angeles, CA",0.2404
6037240300,"South Los Angeles, Los Angeles, CA",0.2389
6037540901,"South Los Angeles, Los Angeles, CA",0.2381
6037236000,"Baldwin Hills, Los Angeles, CA",0.238
6037232120,"South Los Angeles, Los Angeles, CA",0.2376
6037231500,"Leimert Park, Los Angeles, CA",0.2366
6037542700,"Compton, CA",0.2365
6037541100,"Compton, CA",0.2362
6037221402,"Central LA, Los Angeles, CA",0.236
6037217100,"Central LA, Los Angeles, CA",0.236
6037221304,"Central LA, Los Angeles, CA",0.2357
6037221810,"South Los Angeles, Los Angeles, CA",0.2353
6037535200,"South Los Angeles, Los Angeles, CA",0.2349
6037601211,"Inglewood, CA",0.2347
6037603005,"Gardena, CA",0.2342
6037602105,"Hawthorne, CA",0.2341
6037224310,"Central LA, Los Angeles, CA",0.2338
6037240900,"South Los Angeles, Los Angeles, CA",0.2334
6037239701,"South Los Angeles, Los Angeles, CA",0.2321
6037224600,"South Figueroa Corridor, Los Angeles, CA",0.2319
6037542000,"Compton, CA",0.231
6037543202,"Compton, CA",0.2299
6037239802,"South Los Angeles, Los Angeles, CA",0.2296
6037234502,"South Los Angeles, Los Angeles, CA",0.2295
6037232300,"South Los Angeles, Los Angeles, CA",0.2295
6037240020,"South Los Angeles, Los Angeles, CA",0.2291
6037208720,"Central LA, Los Angeles, CA",0.2286
6037237401,"South Los Angeles, Los Angeles, CA",0.2284
6037602801,"South Los Angeles, Los Angeles, CA",0.2284
6037209820,"Central LA, Los Angeles, CA",0.2265
6037242000,"South Los Angeles, Los Angeles, CA",0.2261
6037276100,"Los Angeles, CA",0.2257
6037218300,"Central LA, Los Angeles, CA",0.2252
6037219300,"Jefferson, Los Angeles, CA",0.2251
6037543100,"Compton, CA",0.2246
6037218702,"Jefferson, Los Angeles, CA",0.2246
6037237201,"South Los Angeles, Los Angeles, CA",0.2239
6037602508,"Hawthorne, CA",0.2218
6037229410,"South Los Angeles, Los Angeles, CA",0.2209
6037277400,"Los Angeles, CA",0.2204
6037237102,"South Figueroa Corridor, Los Angeles, CA",0.22
6037601212,"Inglewood, CA",0.2199
6037242700,"South Los Angeles, Los Angeles, CA",0.2199
6037541606,"Compton, CA",0.2193
6037602504,"Hawthorne, CA",0.2192
6037242300,"South Los Angeles, Los Angeles, CA",0.2191
6037239801,"South Los Angeles, Los Angeles, CA",0.2189
6037543322,"Carson, CA",0.2183
6037601001,"Inglewood, CA",0.2183
6037241202,"South Los Angeles, Los Angeles, CA",0.2182
6037218600,"Central LA, Los Angeles, CA",0.2176
6037231300,"South Los Angeles, Los Angeles, CA",0.2175
6037541001,"Gardena, CA",0.2171
6037219500,"South Los Angeles, Los Angeles, CA",0.217
6037216200,"Central LA, Los Angeles, CA",0.2169
6037237101,"South Figueroa Corridor, Los Angeles, CA",0.2169
6037237202,"South Los Angeles, Los Angeles, CA",0.2166
6037601002,"Inglewood, CA",0.2159
6037540700,"South Los Angeles, Los Angeles, CA",0.2155
6037237720,"South Figueroa Corridor, Los Angeles, CA",0.215
6037542502,"Compton, CA",0.2149
6037542200,"Compton, CA",0.2146
6037600201,"South Los Angeles, Los Angeles, CA",0.2146
6037231710,"South Figueroa Corridor, Los Angeles, CA",0.2143
6037238320,"South Figueroa Corridor, Los Angeles, CA",0.2137
6037239702,"South Los Angeles, Los Angeles, CA",0.2135
6037218110,"Central LA, Los Angeles, CA",0.2126
6037601100,"Inglewood, CA",0.212
6037703002,"Los Angeles, CA",0.2102
6037218210,"Central LA, Los Angeles, CA",0.21
6037222002,"South Los Angeles, Los Angeles, CA",0.2099
6037240500,"South Los Angeles, Los Angeles, CA",0.2099
6037540600,"South Los Angeles, Los Angeles, CA",0.2094
6037242600,"South Los Angeles, Los Angeles, CA",0.2094
6037236400,"Baldwin Hills, Los Angeles, CA",0.2091
6037235100,"Park Mesa Heights, Los Angeles, CA",0.2088
6037570603,"North Long Beach, Long Beach, CA",0.2084
6037600304,"South Los Angeles, Los Angeles, CA",0.2083
6037237402,"South Los Angeles, Los Angeles, CA",0.2076
6037602507,"Hawthorne, CA",0.2074
6037222600,"South Los Angeles, Los Angeles, CA",0.2069
6037542401,"Compton, CA",0.2045
6037218900,"Jefferson, Los Angeles, CA",0.2044
6037218500,"Central LA, Los Angeles, CA",0.2044
6037240401,"South Los Angeles, Los Angeles, CA",0.2041
6037232700,"South Figueroa Corridor, Los Angeles, CA",0.204
6037234000,"Leimert Park, Los Angeles, CA",0.2035
6037543201,"Compton, CA",0.2029
6037232400,"South Los Angeles, Los Angeles, CA",0.2025
6037241120,"South Los Angeles, Los Angeles, CA",0.2022
6037600902,"Inglewood, CA",0.2011
6037269601,"Central LA, Los Angeles, CA",0.1999
6037234501,"South Los Angeles, Los Angeles, CA",0.199
6037602802,"South Los Angeles, Los Angeles, CA",0.1988
6037234901,"Park Mesa Heights, Los Angeles, CA",0.1985
6037240600,"South Los Angeles, Los Angeles, CA",0.1966
6037540800,"South Los Angeles, Los Angeles, CA",0.1965
6037571600,"Carmelitos, Long Beach, CA",0.1961
6037541300,"Compton, CA",0.196
6037220000,"Jefferson, Los Angeles, CA",0.195
6037602505,"Hawthorne, CA",0.1936
6037543321,"Carson, CA",0.1934
6037270300,"Central LA, Los Angeles, CA",0.1933
6037221401,"Jefferson, Los Angeles, CA",0.1908
6037600602,"Inglewood, CA",0.1902
6037222100,"South Los Angeles, Los Angeles, CA",0.1897
6037241300,"Harbor Gateway North, Los Angeles, CA",0.1893
6037542800,"Compton, CA",0.1892
6037541603,"Compton, CA",0.1887
6037237710,"South Figueroa Corridor, Los Angeles, CA",0.1873
6037600100,"South Los Angeles, Los Angeles, CA",0.1872
6037234200,"Leimert Park, Los Angeles, CA",0.1871
6037600302,"South Los Angeles, Los Angeles, CA",0.1867
6037980014,"Los Angeles County, CA",0.186
6037241001,"South Los Angeles, Los Angeles, CA",0.1858
6037232200,"South Los Angeles, Los Angeles, CA",0.1847
6037237800,"South Los Angeles, Los Angeles, CA",0.1834
6037602506,"Hawthorne, CA",0.1833
6037240700,"South Los Angeles, Los Angeles, CA",0.1826
6037234600,"Park Mesa Heights, Los Angeles, CA",0.1825
6037220100,"South Los Angeles, Los Angeles, CA",0.1823
6037232500,"South Los Angeles, Los Angeles, CA",0.182
6037241110,"South Los Angeles, Los Angeles, CA",0.1817
6037601303,"Inglewood, CA",0.1816
6037703200,"View Park, View Park-Windsor Hills, CA",0.1806
6037237300,"South Los Angeles, Los Angeles, CA",0.1787
6037243100,"South Los Angeles, Los Angeles, CA",0.1785
6037542103,"Compton, CA",0.1782
6037703100,"View Park, View Park-Windsor Hills, CA",0.1772
6037235201,"Park Mesa Heights, Los Angeles, CA",0.1771
6037241201,"South Los Angeles, Los Angeles, CA",0.177
6037543304,"Carson, CA",0.1758
6037241400,"Harbor, Los Angeles, CA",0.1755
6037219020,"South Los Angeles, Los Angeles, CA",0.1753
6037240800,"South Los Angeles, Los Angeles, CA",0.1748
6037542501,"Compton, CA",0.1748
6037241002,"South Los Angeles, Los Angeles, CA",0.1729
6037206200,"Central LA, Los Angeles, CA",0.1716
6037291110,"Harbor, Los Angeles, CA",0.1705
6037234800,"Park Mesa Heights, Los Angeles, CA",0.1698
6037600501,"Inglewood, CA",0.1696
6037542402,"Compton, CA",0.1694
6037541200,"Compton, CA",0.1683
6037602700,"Hawthorne, CA",0.1677
6037236202,"Baldwin Village, Los Angeles, CA",0.1663
6037600202,"South Los Angeles, Los Angeles, CA",0.1663
6037240402,"South Los Angeles, Los Angeles, CA",0.1649
6037540902,"South Los Angeles, Los Angeles, CA",0.163
6037600303,"South Los Angeles, Los Angeles, CA",0.1625
6037231400,"Leimert Park, Los Angeles, CA",0.1617
6037543000,"Compton, CA",0.16
6037234700,"Park Mesa Heights, Los Angeles, CA",0.1591
6037235202,"Park Mesa Heights, Los Angeles, CA",0.1565
6037236100,"Baldwin Village, Los Angeles, CA",0.1553
6037602600,"Gardena, CA",0.1549
6037238200,"South Los Angeles, Los Angeles, CA",0.1526
6037238100,"South Los Angeles, Los Angeles, CA",0.1491
6037238400,"South Los Angeles, Los Angeles, CA",0.149
6037207302,"Central LA, Los Angeles, CA",0.1489
6037600802,"Morningside Park, Inglewood, CA",0.1488
6037600801,"Morningside Park, Inglewood, CA",0.1463
6037601302,"Inglewood, CA",0.1449
6037600704,"Morningside Park, Inglewood, CA",0.1449
6037600702,"Morningside Park, Inglewood, CA",0.1435
6037234902,"Park Mesa Heights, Los Angeles, CA",0.1432
6037237900,"South Los Angeles, Los Angeles, CA",0.1422
6037238000,"South Los Angeles, Los Angeles, CA",0.1417
6037600400,"South Los Angeles, Los Angeles, CA",0.1384
6037206300,"Central LA, Los Angeles, CA",0.1336
6037234300,"Leimert Park, Los Angeles, CA",0.1301
6037236203,"Crenshaw, Los Angeles, CA",0.1269
6037242100,"South Los Angeles, Los Angeles, CA",0.1153
6037600601,"Inglewood, CA",0.114
6037236204,"Baldwin Village, Los Angeles, CA",0.0816
6037980030,"El Segundo, CA",
6037980006,"Long Beach, CA",
6037980005,"Torrance, CA",
6037265301,"Westwood, Los Angeles, CA",
6037980018,"Long Beach, CA",
6037980025,"Carson, CA",
6037980002,"Carson, CA",
6037980013,"El Segundo, CA",
6037207400,"Central LA, Los Angeles, CA",
6037551600,"Downey, CA",
6037206020,"Central LA, Los Angeles, CA",
6037980028,"Los Angeles, CA",
6037504102,"Norwalk, CA",
6037265304,"Westwood, Los Angeles, CA",
6037222700,"South Los Angeles, Los Angeles, CA",