"tract","Name","Individual_Income_Excluding_Spouse_rP_gP_pall"
6037262301,"Los Angeles, CA",52689
6037265100,"Westwood, Los Angeles, CA",51329
6037262302,"Brentwood, Los Angeles, CA",49248
6037261200,"Beverly Glen, Los Angeles, CA",48746
6037265420,"Westwood, Los Angeles, CA",48532
6037700600,"Beverly Hills, CA",46452
6037701201,"North of Montana, Santa Monica, CA",45524
6037620901,"Manhattan Beach, CA",44666
6037620305,"Manhattan Beach, CA",44013
6037262802,"Pacific Palisades, Santa Monica, CA",43874
6037620301,"Manhattan Beach, CA",43865
6037700700,"The Flats, Beverly Hills, CA",43385
6037261102,"Beverly Hills, CA",43219
6037262303,"Brentwood, Los Angeles, CA",42833
6037262400,"Brentwood, Los Angeles, CA",42663
6037262100,"Bel Air, Los Angeles, CA",42558
6037265601,"Westwood, Los Angeles, CA",42478
6037264000,"Brentwood, Los Angeles, CA",42392
6037269000,"Cheviot Hills, Los Angeles, CA",41931
6037269300,"Cheviot Hills, Los Angeles, CA",41902
6037262200,"Bel Air, Los Angeles, CA",41588
6037211000,"Central LA, Los Angeles, CA",41509
6037701000,"Beverly Hills, CA",41447
6037265201,"Westwood, Los Angeles, CA",41265
6037265700,"Westwood, Los Angeles, CA",41255
6037271500,"Mar Vista, Los Angeles, CA",41208
6037265202,"Westwood, Los Angeles, CA",40870
6037620800,"Manhattan Beach, CA",40868
6037276601,"Playa del Rey, Los Angeles, CA",40823
6037530005,"South Montebello, Montebello, CA",40727
6037701302,"Wilshire Montana, Santa Monica, CA",40531
6037554518,"Cerritos, CA",40523
6037700801,"Beverly Hills, CA",40481
6037480500,"South Pasadena, CA",40312
6037701601,"Northeast, Santa Monica, CA",40170
6037554517,"Cerritos, CA",40162
6037573902,"El Dorado, Long Beach, CA",40087
6037482001,"Monterey Park, CA",40078
6037554511,"Cerritos, CA",39784
6037480702,"South Pasadena, CA",39777
6059110118,"Cypress, CA",39737
6037554512,"Cerritos, CA",39735
6037554519,"Cerritos, CA",39696
6037264302,"Brentwood, Los Angeles, CA",39637
6037701202,"Wilshire Montana, Santa Monica, CA",39598
6037271600,"Mar Vista, Los Angeles, CA",39587
6037265510,"Westwood, Los Angeles, CA",39399
6037264301,"Brentwood, Los Angeles, CA",39382
6037269500,"Beverlywood, Los Angeles, CA",39328
6037500202,"East Whitter, Whittier, CA",39293
6037267100,"West Los Angeles, Los Angeles, CA",39277
6037554522,"Cerritos, CA",39232
6037650603,"Torrance, CA",39209
6037276400,"Westchester, Los Angeles, CA",39199
6037554516,"Cerritos, CA",39032
6037267902,"Rancho Park, Los Angeles, CA",38900
6037194300,"Central LA, Los Angeles, CA",38894
6037620400,"Manhattan Beach, CA",38868
6037482600,"Garvey, Monterey Park, CA",38862
6037265602,"Westwood, Los Angeles, CA",38837
6037482002,"Monterey Park, CA",38786
6037700901,"Central LA, Beverly Hills, CA",38776
6037481606,"Alhambra, CA",38574
6059110116,"La Palma, CA",38485
6037620303,"Manhattan Beach, CA",38391
6037700802,"Beverly Hills, CA",38379
6037267200,"West Los Angeles, Los Angeles, CA",38271
6037481800,"Alhambra, CA",38249
6037276000,"Westchester, Los Angeles, CA",38162
6037214901,"Beverly Grove, West Hollywood, CA",37997
6037264103,"Brentwood, Los Angeles, CA",37911
6037481714,"Monterey Park, CA",37903
6037277000,"Westchester, Los Angeles, CA",37899
6037571800,"Bixby Knolls, Long Beach, CA",37798
6037216300,"Central LA, Los Angeles, CA",37795
6037651221,"Southwood Riviera, Torrance, CA",37673
6037482502,"Garvey, Rosemead, CA",37540
6037700902,"Beverly Hills, CA",37425
6037621004,"Hermosa Beach, CA",37390
6037214502,"Central LA, Los Angeles, CA",37351
6037276604,"Playa del Rey, Los Angeles, CA",37242
6037650502,"West Torrance, Torrance, CA",37195
6037265410,"Los Angeles, CA",37088
6037207101,"Central LA, Los Angeles, CA",37088
6037278102,"Playa del Rey, Los Angeles, CA",37054
6037432902,"Rosemead, CA",37036
6037554515,"Cerritos, CA",36938
6037501700,"East Whitter, Whittier, CA",36921
6037481500,"Alhambra, CA",36880
6037480703,"South Pasadena, CA",36876
6059110102,"La Palma, CA",36845
6037620904,"Manhattan Beach, CA",36705
6037651304,"Riviera, Redondo Beach, CA",36615
6037501600,"Whittier, CA",36614
6037702300,"Sunset Park, Santa Monica, CA",36587
6037267901,"Century City, Los Angeles, CA",36559
6037574400,"Plaza, Long Beach, CA",36496
6037650702,"Southwood, Torrance, CA",36485
6037554514,"Cerritos, CA",36383
6037481603,"Alhambra, CA",36376
6037214100,"Central LA, Los Angeles, CA",36348
6037271400,"Mar Vista, Los Angeles, CA",36283
6037651002,"Southeast Torrance, Torrance, CA",36279
6037980010,"Echo Park, Los Angeles, CA",36269
6037291300,"Harbor, Gardena, CA",36211
6037554521,"Cerritos, CA",36211
6037651302,"Riviera, Torrance, CA",36199
6037481300,"Rosemead, CA",36182
6037482102,"Monterey Park, CA",36179
6037651101,"Torrance, CA",36174
6037432000,"Temple City, CA",36161
6037481711,"Monterey Park, CA",36149
6037293301,"Harbor City, Los Angeles, CA",36094
6037211701,"Central LA, Los Angeles, CA",36091
6037276500,"Westchester, Los Angeles, CA",36078
6037211500,"Central LA, Los Angeles, CA",36068
6037214700,"Beverly Grove, Los Angeles, CA",36014
6037651001,"Southeast Torrance, Torrance, CA",35998
6037651201,"Seaside, Torrance, CA",35990
6037187300,"Silver Lake, Los Angeles, CA",35947
6059110109,"Cypress, CA",35864
6037650004,"Northwest Torrance, Torrance, CA",35853
6037573700,"Carson Park, Long Beach, CA",35849
6037500300,"Whittier, CA",35848
6037700400,"Central LA, West Hollywood, CA",35760
6037194500,"Central LA, Los Angeles, CA",35697
6037554513,"Cerritos, CA",35677
6037271300,"Mar Vista, Los Angeles, CA",35657
6037530003,"South Montebello, Montebello, CA",35654
6037503602,"La Mirada, CA",35644
6037543603,"Harbor City, West Carson, CA",35633
6037432102,"Temple City, CA",35629
6037650501,"West Torrance, Torrance, CA",35601
6037621104,"Hermosa Beach, CA",35582
6037481401,"San Gabriel, CA",35571
6037481713,"Monterey Park, CA",35570
6037271100,"West Los Angeles, Los Angeles, CA",35530
6037408402,"La Puente, CA",35524
6037555202,"El Dorado, Long Beach, CA",35522
6037620001,"El Segundo, CA",35478
6059110115,"La Palma, CA",35463
6037192300,"Central LA, Los Angeles, CA",35435
6037621102,"Hermosa Beach, CA",35422
6037482202,"Garvey, Monterey Park, CA",35415
6037432201,"Rosemead, CA",35364
6037207501,"Downtown, Los Angeles, CA",35346
6037620501,"North Redondo, Redondo Beach, CA",35335
6037571900,"Bixby Knolls, Long Beach, CA",35301
6037602302,"HollyGlen, Hawthorne, CA",35295
6037650101,"Northeast Torrance, Torrance, CA",35178
6037480704,"South Pasadena, CA",35172
6037650401,"Madrona, Torrance, CA",35161
6037503402,"East Whitter, Whittier, CA",35136
6037216402,"Central LA, Los Angeles, CA",35114
6037501900,"East Whitter, Whittier, CA",35084
6037543503,"Torrance, CA",35075
6037702600,"Culver City, CA",35017
6037573601,"South of Conant, Long Beach, CA",34987
6037261101,"Beverly Hills, CA",34986
6059110113,"Cypress, CA",34981
6037650102,"Northwest Torrance, Torrance, CA",34942
6037481605,"Alhambra, CA",34938
6037620102,"El Segundo, CA",34938
6037504001,"La Mirada, CA",34810
6037701501,"Wilshire Montana, Santa Monica, CA",34801
6037574100,"South of Conant, Long Beach, CA",34797
6037651222,"Southwood Riviera, Torrance, CA",34744
6037274100,"Venice, Marina del Rey, CA",34714
6037620602,"North Redondo, Redondo Beach, CA",34699
6037554406,"Bellflower, CA",34658
6037620002,"El Segundo, CA",34624
6037700200,"Central LA, West Hollywood, CA",34602
6037189902,"Central LA, Los Angeles, CA",34598
6037189905,"Central LA, Los Angeles, CA",34587
6059110301,"Buena Park, CA",34570
6037267404,"Sawtelle, Los Angeles, CA",34523
6037701902,"Downtown, Santa Monica, CA",34522
6037194402,"Beverly Grove, Los Angeles, CA",34502
6037570902,"Lakewood, CA",34471
6037621301,"South Redondo, Redondo Beach, CA",34454
6059110108,"Los Alamitos, CA",34386
6037432101,"El Monte City, Temple City, CA",34382
6059110106,"Cypress, CA",34326
6037702102,"Ocean Park, Santa Monica, CA",34320
6037574300,"Los Altos, Long Beach, CA",34307
6037433101,"El Monte City, El Monte, CA",34307
6037620101,"El Segundo, CA",34301
6037433601,"Garvey, Rosemead, CA",34257
6037214600,"Central LA, Los Angeles, CA",34256
6037481402,"San Gabriel, CA",34234
6037570800,"Lakewood, CA",34231
6037274202,"Venice, Marina del Rey, CA",34225
6037481712,"Garvey, Monterey Park, CA",34197
6037650200,"Northwest Torrance, Torrance, CA",34178
6037503601,"La Mirada, CA",34072
6037701602,"Mid-City, Santa Monica, CA",34027
6059110111,"Cypress, CA",34003
6037551000,"Downey, CA",33988
6037481001,"Alhambra, CA",33960
6037650800,"Park Plaza, Torrance, CA",33947
6037700102,"Central LA, West Hollywood, CA",33894
6037191902,"Central LA, Los Angeles, CA",33888
6037501501,"Whittier, CA",33868
6037702201,"Sunset Park, Santa Monica, CA",33861
6059110304,"Buena Park, CA",33846
6037570003,"Lakewood, CA",33836
6037482101,"Monterey Park, CA",33833
6037570702,"Lakewood Mutual, Lakewood, CA",33829
6037481901,"Alhambra, CA",33760
6037650701,"Southwood, Torrance, CA",33728
6037267800,"West Los Angeles, Los Angeles, CA",33705
6037550800,"Downey, CA",33653
6037571300,"Lakewood, CA",33635
6037195202,"Central LA, Los Angeles, CA",33603
6037211704,"Central LA, Los Angeles, CA",33601
6037216100,"Central LA, Los Angeles, CA",33578
6037482800,"South Montebello, Monterey Park, CA",33570
6037207102,"Central LA, Los Angeles, CA",33561
6037481201,"Temple City, CA",33556
6037482702,"South Montebello, Monterey Park, CA",33541
6037574201,"Stratford Square, Long Beach, CA",33518
6037551402,"Downey, CA",33494
6059110117,"Cypress, CA",33480
6037571200,"Lakewood Village, Long Beach, CA",33420
6037603703,"Hawthorne, CA",33401
6037651102,"Torrance Heights Civic, Torrance, CA",33399
6037621326,"South Redondo, Redondo Beach, CA",33369
6037207103,"Central LA, Los Angeles, CA",33306
6037271902,"Mar Vista, Los Angeles, CA",33290
6037482402,"Garvey, Rosemead, CA",33277
6037480400,"Alhambra, CA",33249
6037432901,"Rosemead, CA",33228
6037572100,"Wrigley, Long Beach, CA",33220
6037265520,"Westwood, Los Angeles, CA",33160
6037554802,"Artesia, CA",33159
6037543604,"Carson, CA",33131
6037481902,"Alhambra, CA",33112
6037431502,"El Monte City, Arcadia, CA",33107
6037480303,"Alhambra, CA",33095
6037481604,"Alhambra, CA",33077
6037271701,"Palms, Los Angeles, CA",33068
6037703002,"Los Angeles, CA",33059
6037480302,"Alhambra, CA",33047
6037197700,"Echo Park, Los Angeles, CA",33042
6037432202,"Rosemead, CA",33030
6037650602,"Torrance, CA",33025
6037550602,"Downey, CA",33017
6037702700,"Park West, Culver City, CA",33010
6037570901,"Lakewood, CA",32992
6037480304,"Alhambra, CA",32978
6037700300,"Central LA, West Hollywood, CA",32948
6037482201,"Monterey Park, CA",32938
6037271702,"Palms, Los Angeles, CA",32925
6037480903,"Alhambra, CA",32924
6037214503,"Central LA, Los Angeles, CA",32921
6037192001,"Central LA, Los Angeles, CA",32873
6037275602,"Westchester, Los Angeles, CA",32868
6037195100,"Silver Lake, Los Angeles, CA",32813
6037432500,"El Monte City, El Monte, CA",32805
6037543701,"Carson, CA",32797
6037481002,"Alhambra, CA",32761
6037192410,"Central LA, Los Angeles, CA",32761
6037482301,"Garvey, San Gabriel, CA",32741
6037621002,"Hermosa Beach, CA",32713
6037194200,"Central LA, Los Angeles, CA",32697
6037481103,"San Gabriel, CA",32673
6037199120,"Montecito Heights, Los Angeles, CA",32654
6037276603,"Playa del Rey, Los Angeles, CA",32649
6037701502,"Downtown, Santa Monica, CA",32644
6037503802,"La Mirada, CA",32638
6037432300,"El Monte City, El Monte, CA",32626
6037571102,"Lakewood, CA",32609
6037620701,"North Redondo, Redondo Beach, CA",32592
6037195600,"Los Angeles, CA",32590
6037650001,"Torrance, CA",32588
6059110114,"Cypress, CA",32574
6037620201,"Manhattan Beach, CA",32516
6037185204,"Northeast Los Angeles, Los Angeles, CA",32498
6037650300,"Northwest Torrance, Torrance, CA",32485
6037572202,"Wrigley, Long Beach, CA",32424
6059110302,"Buena Park, CA",32423
6037267700,"Sawtelle, Los Angeles, CA",32402
6037211420,"Central LA, Los Angeles, CA",32398
6037571101,"Lakewood, CA",32398
6037550700,"Downey, CA",32386
6037197200,"Echo Park, Los Angeles, CA",32383
6037269100,"Pico - Robertson, Los Angeles, CA",32367
6037702202,"Sunset Park, Santa Monica, CA",32364
6037621001,"Hermosa Beach, CA",32350
6037530006,"South Montebello, Montebello, CA",32325
6037702802,"McLaughlin, Los Angeles, CA",32319
6037267402,"West Los Angeles, Los Angeles, CA",32270
6037603301,"Gardena, CA",32248
6037530004,"South Montebello, Montebello, CA",32228
6037187102,"Atwater Village, Los Angeles, CA",32207
6037214800,"Beverly Grove, Los Angeles, CA",32190
6037543903,"Carson, CA",32159
6037603500,"Gardena, CA",32156
6037650604,"Delthorne, Torrance, CA",32138
6037277100,"Westchester, Los Angeles, CA",32128
6037217002,"Central LA, Los Angeles, CA",32115
6037501802,"Whittier, CA",32086
6037480901,"Alhambra, CA",32086
6037570001,"Lakewood, CA",32077
6037650605,"Delthorne, Torrance, CA",32067
6037603702,"Lawndale, CA",32066
6037480803,"Alhambra, CA",32030
6037482701,"South Montebello, Monterey Park, CA",32012
6037551502,"Downey, CA",32009
6059110104,"Cypress, CA",31988
6037502402,"El Rancho, Pico Rivera, CA",31977
6037272100,"Mar Vista, Los Angeles, CA",31964
6037275400,"Los Angeles, CA",31958
6037701402,"Wilshire Montana, Santa Monica, CA",31951
6037503301,"East Whitter, Whittier, CA",31944
6037702502,"Culver City, CA",31928
6037702002,"Ocean Park, Santa Monica, CA",31911
6037571400,"Lakewood Mutual, Lakewood, CA",31880
6037533106,"Huntington Park, CA",31874
6037554900,"Artesia, CA",31859
6037543602,"Torrance, CA",31849
6037217001,"Pico - Robertson, Los Angeles, CA",31844
6037269800,"Castle Heights, Los Angeles, CA",31829
6037502005,"East Whitter, Whittier, CA",31815
6037573800,"Carson Park, Long Beach, CA",31804
6037504002,"La Mirada, CA",31803
6037650902,"Old Town Torrance, Torrance, CA",31801
6037702901,"Marina del Rey, CA",31791
6037195803,"Silver Lake, Los Angeles, CA",31789
6037503201,"East Whitter, Whittier, CA",31788
6037267502,"West Los Angeles, Los Angeles, CA",31781
6037214902,"Central LA, Los Angeles, CA",31709
6037702801,"Clarkdale, Culver City, CA",31691
6037571000,"Lakewood, CA",31682
6037555103,"Lakewood, CA",31654
6037201601,"Northeast Los Angeles, Los Angeles, CA",31603
6037273100,"Venice, Los Angeles, CA",31581
6037533203,"Huntington Park, CA",31579
6037480802,"Alhambra, CA",31568
6037603600,"Gardena, CA",31547
6037481102,"San Gabriel, CA",31546
6037432401,"El Monte City, El Monte, CA",31524
6037554600,"Norwalk, CA",31524
6037192002,"Central LA, Los Angeles, CA",31520
6037503901,"La Mirada, CA",31511
6037482304,"Garvey, Rosemead, CA",31493
6059110203,"Buena Park, CA",31485
6037621400,"South Redondo, Redondo Beach, CA",31474
6037543801,"Carson, CA",31446
6037431501,"El Monte City, Temple City, CA",31435
6037502401,"El Rancho, Pico Rivera, CA",31433
6037502602,"El Rancho, Pico Rivera, CA",31417
6037267600,"Sawtelle, Los Angeles, CA",31395
6037482303,"Garvey, Rosemead, CA",31388
6037195300,"Central LA, Los Angeles, CA",31341
6037482503,"Garvey, Rosemead, CA",31331
6037551201,"Downey, CA",31316
6037211703,"Central LA, Los Angeles, CA",31297
6037551800,"Downey, CA",31296
6037408302,"Whittier, CA",31295
6037501300,"Whittier, CA",31293
6037601301,"Inglewood, CA",31258
6037572201,"Wrigley, Long Beach, CA",31213
6037275603,"Culver City, CA",31200
6037572001,"Bixby Knolls, Long Beach, CA",31197
6037530102,"South Montebello, Montebello, CA",31193
6037434004,"El Monte, CA",31166
6037603101,"Gardena, CA",31148
6037199800,"Northeast Los Angeles, Los Angeles, CA",31123
6037570701,"Lakewood Mutual, Lakewood, CA",31108
6037543601,"Carson, CA",31104
6037621201,"South Redondo, Redondo Beach, CA",31092
6059110303,"Buena Park, CA",31081
6037502901,"East Whitter, Whittier, CA",31079
6037432602,"El Monte City, El Monte, CA",31045
6037551700,"Downey, CA",31035
6037620521,"North Redondo, Redondo Beach, CA",30962
6037480804,"Alhambra, CA",30940
6037265305,"Westwood, Los Angeles, CA",30929
6037571503,"Bixby North, Long Beach, CA",30909
6037650901,"Old Town Torrance, Torrance, CA",30908
6037551501,"Downey, CA",30862
6037216800,"Central LA, Los Angeles, CA",30846
6037213100,"Central LA, Los Angeles, CA",30846
6037502601,"El Rancho, Pico Rivera, CA",30838
6037212702,"Central LA, Los Angeles, CA",30802
6037293201,"Harbor, Torrance, CA",30801
6037199300,"Montecito Heights, Los Angeles, CA",30798
6037212701,"Central LA, Los Angeles, CA",30796
6037550400,"Downey, CA",30792
6037212306,"Central LA, Los Angeles, CA",30790
6037189800,"Central LA, Los Angeles, CA",30789
6037211803,"Central LA, Los Angeles, CA",30788
6037534501,"Huntington Park, CA",30784
6037212610,"Central LA, Los Angeles, CA",30784
6037554201,"Bellflower, CA",30783
6037570002,"Lakewood, CA",30763
6037275101,"Culver City, CA",30730
6037183702,"Northeast Los Angeles, Los Angeles, CA",30729
6037195902,"Silver Lake, Los Angeles, CA",30727
6037201503,"Northeast Los Angeles, Los Angeles, CA",30718
6037212420,"Central LA, Los Angeles, CA",30705
6037502801,"Santa Fe Springs, CA",30686
6037219500,"South Los Angeles, Los Angeles, CA",30678
6037603302,"Gardena, CA",30677
6037572600,"West Side, Long Beach, CA",30661
6037552602,"Norwalk, CA",30631
6037543501,"Carson, CA",30622
6037574000,"Plaza, Long Beach, CA",30621
6037195500,"Silver Lake, Los Angeles, CA",30617
6037620702,"North Redondo, Redondo Beach, CA",30604
6037570100,"Ramona Park, Long Beach, CA",30603
6037270200,"Palms, Los Angeles, CA",30577
6037480902,"Alhambra, CA",30574
6037201402,"Northeast Los Angeles, Los Angeles, CA",30562
6037702501,"Carlson Park, Culver City, CA",30561
6059110201,"Buena Park, CA",30545
6037206050,"Central LA, Los Angeles, CA",30538
6037550902,"Downey, CA",30508
6037502200,"Whittier, CA",30505
6037551401,"Downey, CA",30498
6037701100,"West Los Angeles, Los Angeles, CA",30482
6037481202,"San Gabriel, CA",30476
6037273800,"Venice, Los Angeles, CA",30418
6037482521,"South Montebello, Rosemead, CA",30412
6037192510,"Central LA, Los Angeles, CA",30401
6037543502,"Torrance, CA",30373
6037201302,"Northeast Los Angeles, Los Angeles, CA",30358
6037212800,"Central LA, Los Angeles, CA",30353
6037433307,"El Monte, CA",30335
6037620522,"North Redondo, Redondo Beach, CA",30334
6037273902,"Venice, Los Angeles, CA",30328
6037555104,"Lakewood, CA",30287
6037536102,"South Gate, CA",30285
6037197420,"Echo Park, Los Angeles, CA",30272
6037500800,"El Rancho, Pico Rivera, CA",30265
6037650003,"Northwest Torrance, Torrance, CA",30252
6037543306,"Carson, CA",30238
6037700101,"Central LA, West Hollywood, CA",30219
6059110202,"Southwest Anaheim, Buena Park, CA",30195
6037500403,"El Rancho, Pico Rivera, CA",30191
6037702400,"Lucerne - Higuera, Culver City, CA",30168
6037503302,"East Whitter, Whittier, CA",30167
6037502500,"El Rancho, Pico Rivera, CA",30166
6037224410,"South Los Angeles, Los Angeles, CA",30152
6037481101,"San Gabriel, CA",30148
6037269907,"Palms, Los Angeles, CA",30097
6037433102,"El Monte City, El Monte, CA",30093
6037201700,"Northeast Los Angeles, Los Angeles, CA",30078
6037185320,"Northeast Los Angeles, Los Angeles, CA",30076
6037543702,"Carson, CA",30070
6037570602,"Harte, Long Beach, CA",30024
6037552100,"Norwalk, CA",29972
6037553100,"Bellflower, CA",29952
6037275311,"Los Angeles, CA",29941
6037482401,"Garvey, Rosemead, CA",29932
6037208501,"Central LA, Los Angeles, CA",29916
6037550201,"Norwalk, CA",29899
6037602301,"Hawthorne, CA",29889
6037621324,"South Redondo, Redondo Beach, CA",29883
6037278001,"Westchester, Los Angeles, CA",29877
6037214501,"Central LA, Los Angeles, CA",29862
6037433306,"El Monte, CA",29856
6037553300,"Bellflower, CA",29828
6037208610,"Central LA, Los Angeles, CA",29807
6037550601,"Downey, CA",29807
6037501200,"Whittier, CA",29802
6037271901,"Mar Vista, Los Angeles, CA",29799
6037213401,"Central LA, Los Angeles, CA",29796
6037703200,"View Park, View Park-Windsor Hills, CA",29782
6037185100,"Mount Washington, Los Angeles, CA",29760
6037503502,"East Whitter, Whittier, CA",29753
6037553200,"Bellflower, CA",29752
6037531102,"Los Angeles, CA",29751
6037273402,"Venice, Los Angeles, CA",29748
6037552002,"Norwalk, CA",29726
6037207900,"Central LA, Los Angeles, CA",29673
6037191820,"Central LA, Los Angeles, CA",29652
6037533502,"Huntington Park, CA",29631
6037535701,"South Gate, CA",29609
6037197600,"Echo Park, Los Angeles, CA",29607
6037408303,"Whittier, CA",29599
6037603400,"Gardena, CA",29588
6037264102,"Brentwood, Los Angeles, CA",29564
6037572002,"Bixby Knolls, Long Beach, CA",29562
6037534700,"Huntington Park, CA",29557
6037535901,"South Gate, CA",29554
6037199201,"Montecito Heights, Los Angeles, CA",29551
6037500900,"El Rancho, Pico Rivera, CA",29535
6037554203,"Bellflower, CA",29527
6037602402,"Hawthorne, CA",29522
6037199202,"Montecito Heights, Los Angeles, CA",29522
6037550202,"Norwalk, CA",29485
6037206010,"Central LA, Los Angeles, CA",29473
6037216200,"Central LA, Los Angeles, CA",29465
6037543802,"Carson, CA",29462
6037201200,"Northeast Los Angeles, Los Angeles, CA",29459
6037271801,"Palms, Los Angeles, CA",29447
6037533503,"Huntington Park, CA",29444
6037432700,"El Monte City, El Monte, CA",29427
6037191302,"Central LA, Los Angeles, CA",29423
6037503902,"La Mirada, CA",29401
6037501002,"Whittier, CA",29393
6037234000,"Leimert Park, Los Angeles, CA",29378
6037195400,"Silver Lake, Los Angeles, CA",29373
6037432601,"El Monte City, El Monte, CA",29358
6037573401,"Signal Hill, CA",29352
6037211802,"Central LA, Los Angeles, CA",29335
6037980014,"Los Angeles County, CA",29335
6037192520,"Central LA, Los Angeles, CA",29315
6037503501,"East Whitter, Whittier, CA",29307
6037550100,"Norwalk, CA",29289
6037216401,"Central LA, Los Angeles, CA",29288
6037197500,"Echo Park, Los Angeles, CA",29280
6037571502,"Bixby North, Long Beach, CA",29273
6037265303,"Westwood, Los Angeles, CA",29254
6037552001,"Norwalk, CA",29239
6037536103,"South Gate, CA",29233
6037552900,"Norwalk, CA",29215
6037571504,"Bixby Knolls, Long Beach, CA",29181
6037550500,"Downey, CA",29180
6037551900,"Norwalk, CA",29174
6037191710,"Central LA, Los Angeles, CA",29136
6059110110,"Cypress, CA",29131
6037433802,"South El Monte, CA",29129
6037194401,"Beverly Grove, Los Angeles, CA",29117
6037603006,"Gardena, CA",29113
6037432402,"El Monte City, El Monte, CA",29111
6037573402,"Signal Hill, CA",29104
6037701702,"Downtown, Santa Monica, CA",29101
6037530203,"South Montebello, Montebello, CA",29095
6037272301,"Mar Vista, Los Angeles, CA",29086
6037532001,"South Montebello, Montebello, CA",29061
6037201602,"Northeast Los Angeles, Los Angeles, CA",29024
6037216900,"Central LA, Los Angeles, CA",29020
6037503202,"East Whitter, Whittier, CA",29006
6037550000,"Norwalk, CA",28990
6037551202,"Downey, CA",28969
6037211410,"Central LA, Los Angeles, CA",28960
6037544002,"Long Beach, CA",28948
6037503104,"Whittier, CA",28943
6037209403,"Central LA, Los Angeles, CA",28921
6037500404,"El Rancho, Pico Rivera, CA",28917
6037570502,"Grant, Long Beach, CA",28915
6037530202,"South Montebello, Montebello, CA",28911
6037600501,"Inglewood, CA",28910
6037543304,"Carson, CA",28900
6037199400,"Mount Washington, Los Angeles, CA",28889
6037530301,"East Los Angeles, CA",28888
6037543400,"Carson, CA",28887
6037554101,"Bellflower, CA",28881
6037534802,"Huntington Park, CA",28879
6037551101,"Downey, CA",28866
6037536200,"South Gate, CA",28858
6037433602,"Garvey, Rosemead, CA",28838
6037433503,"El Monte City, South El Monte, CA",28815
6037555001,"Lakewood, CA",28793
6037195903,"Silver Lake, Los Angeles, CA",28789
6037267501,"West Los Angeles, Los Angeles, CA",28766
6037291130,"Harbor, Gardena, CA",28756
6037553701,"Paramount, CA",28742
6037553000,"Norwalk, CA",28713
6037482522,"South Montebello, Montebello, CA",28699
6037535606,"South Gate, CA",28675
6037601600,"Inglewood, CA",28665
6037221210,"Central LA, Los Angeles, CA",28657
6037552800,"Norwalk, CA",28645
6037701701,"Mid-City, Santa Monica, CA",28626
6037197410,"Echo Park, Los Angeles, CA",28582
6037620601,"North Redondo, Redondo Beach, CA",28570
6037269903,"Palms, Los Angeles, CA",28565
6037535604,"South Gate, CA",28552
6037701801,"Pico, Santa Monica, CA",28543
6037533902,"South Montebello, Bell Gardens, CA",28531
6037554001,"Bellflower, CA",28529
6037211922,"Central LA, Los Angeles, CA",28521
6037192420,"Central LA, Los Angeles, CA",28515
6037211120,"Central LA, Los Angeles, CA",28498
6037555002,"Lakewood, CA",28491
6037434003,"El Monte, CA",28486
6037554002,"Bellflower, CA",28481
6037433304,"El Monte, CA",28475
6037534203,"South Montebello, Bell Gardens, CA",28467
6037601202,"Inglewood, CA",28460
6037208802,"Central LA, Los Angeles, CA",28458
6037236000,"Baldwin Hills, Los Angeles, CA",28445
6037543322,"Carson, CA",28444
6037502301,"Whittier, CA",28440
6037224700,"South Los Angeles, Los Angeles, CA",28434
6037269700,"Beverlywood, Los Angeles, CA",28423
6037553901,"Paramount, CA",28420
6037267300,"West Los Angeles, Los Angeles, CA",28390
6037532500,"Huntington Park, CA",28387
6037602106,"Hawthorne, CA",28382
6037535803,"South Gate, CA",28360
6037530602,"Los Angeles, CA",28345
6037554700,"Norwalk, CA",28342
6037275302,"Marina del Rey, CA",28326
6037199000,"Northeast Los Angeles, Los Angeles, CA",28314
6037500700,"El Rancho, Pico Rivera, CA",28298
6037269905,"Palms, Los Angeles, CA",28266
6037552700,"Norwalk, CA",28261
6037554103,"Bellflower, CA",28259
6037532400,"Vernon, CA",28254
6037602200,"Los Angeles, CA",28252
6037550300,"Norwalk, CA",28237
6037533107,"Huntington Park, CA",28219
6037535502,"South Gate, CA",28214
6037211804,"Central LA, Los Angeles, CA",28207
6037201110,"Northeast Los Angeles, Los Angeles, CA",28207
6037554405,"Bellflower, CA",28195
6037534502,"Huntington Park, CA",28185
6037221220,"Central LA, Los Angeles, CA",28158
6037433200,"El Monte City, El Monte, CA",28144
6037213201,"Central LA, Los Angeles, CA",28142
6037535702,"South Gate, CA",28139
6037408301,"Bassett, Avocado Heights, CA",28120
6037212101,"Central LA, Los Angeles, CA",28071
6037291210,"Harbor, Gardena, CA",28056
6037554801,"Artesia, CA",28051
6037600912,"Inglewood, CA",28044
6037601401,"Inglewood, CA",28041
6037572302,"West Side, Long Beach, CA",28033
6037531502,"East Los Angeles, CA",28002
6037535605,"South Gate, CA",27977
6037212203,"Central LA, Los Angeles, CA",27968
6037191620,"Central LA, Los Angeles, CA",27945
6037226002,"Central LA, Los Angeles, CA",27936
6059087801,"Stanton, CA",27934
6037602404,"Hawthorne, CA",27927
6037433401,"South El Monte, CA",27911
6037534406,"Cudahy, CA",27892
6037191500,"Central LA, Los Angeles, CA",27876
6037603200,"Gardena, CA",27858
6037533403,"Maywood, CA",27852
6037533401,"Maywood, CA",27846
6037220100,"South Los Angeles, Los Angeles, CA",27837
6037533501,"Huntington Park, CA",27835
6037533803,"Bell, CA",27829
6037191201,"Central LA, Los Angeles, CA",27798
6037185203,"Northeast Los Angeles, Los Angeles, CA",27791
6037433402,"El Monte, CA",27790
6037192620,"Central LA, Los Angeles, CA",27783
6037208710,"Central LA, Los Angeles, CA",27776
6037235100,"Park Mesa Heights, Los Angeles, CA",27769
6037212102,"Central LA, Los Angeles, CA",27751
6037213310,"Central LA, Los Angeles, CA",27750
6037544001,"Carson, CA",27721
6037191901,"Central LA, Los Angeles, CA",27706
6037272201,"Mar Vista, Los Angeles, CA",27692
6037540300,"Lynwood, CA",27681
6037212620,"Central LA, Los Angeles, CA",27676
6037204300,"Boyle Heights, Los Angeles, CA",27668
6037213320,"Central LA, Los Angeles, CA",27645
6037192610,"Central LA, Los Angeles, CA",27641
6037534804,"Huntington Park, CA",27628
6037211910,"Central LA, Los Angeles, CA",27616
6037195802,"Central LA, Los Angeles, CA",27615
6037570402,"Coolidge Triangle, Long Beach, CA",27604
6037621204,"South Redondo, Redondo Beach, CA",27597
6037191410,"Central LA, Los Angeles, CA",27596
6037602103,"Hawthorne, CA",27556
6037530101,"South Montebello, Montebello, CA",27554
6037530204,"South Montebello, Montebello, CA",27551
6037554104,"Bellflower, CA",27550
6037197300,"Echo Park, Los Angeles, CA",27546
6037571703,"Addams, Long Beach, CA",27534
6037554404,"Bellflower, CA",27521
6037543321,"Carson, CA",27519
6059086901,"Southwest Anaheim, Anaheim, CA",27518
6037185202,"Mount Washington, Los Angeles, CA",27507
6037532303,"South Montebello, Commerce, CA",27490
6037570501,"Jordan, Long Beach, CA",27478
6037531504,"East Los Angeles, CA",27473
6037502700,"Santa Fe Springs, CA",27471
6037203500,"Boyle Heights, Los Angeles, CA",27446
6037700501,"Central LA, West Hollywood, CA",27444
6037603900,"Lawndale, CA",27443
6037531800,"South Montebello, East Los Angeles, CA",27438
6037433700,"South El Monte, CA",27434
6037603102,"Gardena, CA",27432
6037199900,"Montecito Heights, Los Angeles, CA",27426
6037531902,"South Montebello, East Los Angeles, CA",27423
6037601402,"Inglewood, CA",27413
6037216700,"Central LA, Los Angeles, CA",27391
6037533702,"Maywood, CA",27382
6037601212,"Inglewood, CA",27369
6037433902,"El Monte, CA",27358
6037204120,"Central LA, Los Angeles, CA",27356
6037535503,"South Gate, CA",27352
6037201301,"Montecito Heights, Los Angeles, CA",27350
6037550901,"Downey, CA",27339
6037191610,"Central LA, Los Angeles, CA",27321
6059110500,"Buena Park, CA",27299
6037531603,"East Los Angeles, CA",27280
6037502100,"Whittier, CA",27277
6037535802,"South Gate, CA",27274
6037532102,"South Montebello, Montebello, CA",27268
6037273700,"Venice, Los Angeles, CA",27268
6037187200,"Echo Park, Los Angeles, CA",27229
6037532304,"South Montebello, Commerce, CA",27221
6037555102,"Lakewood, CA",27206
6037533901,"South Montebello, Bell Gardens, CA",27199
6037191420,"Central LA, Los Angeles, CA",27197
6037540102,"Lynwood, CA",27195
6037535002,"South Los Angeles, Los Angeles, CA",27192
6037211121,"Central LA, Los Angeles, CA",27182
6037535902,"South Gate, CA",27163
6037533806,"Bell, CA",27157
6037204410,"Central LA, Los Angeles, CA",27152
6037533804,"Bell, CA",27150
6037702803,"Los Angeles, CA",27129
6037221601,"Jefferson, Los Angeles, CA",27111
6037570202,"Hamilton, Long Beach, CA",27098
6037191301,"East Hollywood, Los Angeles, CA",27091
6037602700,"Hawthorne, CA",27091
6037534403,"Cudahy, CA",27086
6037208502,"Central LA, Los Angeles, CA",27086
6037536000,"South Gate, CA",27081
6037504101,"La Mirada, CA",27073
6037210010,"Central LA, Los Angeles, CA",27069
6037190510,"Central LA, Los Angeles, CA",27068
6037533703,"Maywood, CA",27067
6037201401,"Northeast Los Angeles, Los Angeles, CA",27064
6037500600,"El Rancho, Pico Rivera, CA",27061
6037553504,"Paramount, CA",27040
6037190801,"Central LA, Los Angeles, CA",27031
6037201501,"Northeast Los Angeles, Los Angeles, CA",27027
6037552301,"Norwalk, CA",27027
6037604100,"Lawndale, CA",26995
6037502004,"East Whitter, Whittier, CA",26990
6037603801,"Lawndale, CA",26988
6037531701,"South Montebello, East Los Angeles, CA",26981
6037534001,"South Montebello, Bell Gardens, CA",26972
6037276100,"Los Angeles, CA",26960
6037269906,"Palms, Los Angeles, CA",26959
6037536104,"South Gate, CA",26956
6037503106,"Whittier, CA",26940
6037535607,"South Gate, CA",26936
6037530302,"South Montebello, East Los Angeles, CA",26930
6037190100,"Central LA, Los Angeles, CA",26916
6037215102,"Central LA, Los Angeles, CA",26911
6037203710,"Boyle Heights, Los Angeles, CA",26911
6037218120,"Central LA, Los Angeles, CA",26900
6037191810,"Central LA, Los Angeles, CA",26896
6037530601,"Los Angeles, CA",26882
6037195710,"Los Angeles, CA",26881
6037503103,"Whittier, CA",26865
6059110606,"Buena Park, CA",26849
6037208401,"Central LA, Los Angeles, CA",26844
6037185310,"Northeast Los Angeles, Los Angeles, CA",26819
6037204110,"Boyle Heights, Los Angeles, CA",26817
6037604002,"Lawndale, CA",26808
6059110603,"Buena Park, CA",26800
6037222100,"South Los Angeles, Los Angeles, CA",26783
6037603802,"Lawndale, CA",26766
6037540202,"Lynwood, CA",26761
6037602509,"Hawthorne, CA",26753
6037201120,"Northeast Los Angeles, Los Angeles, CA",26742
6037503105,"Whittier, CA",26737
6037570204,"North Long Beach, Long Beach, CA",26733
6037275102,"Culver City, CA",26722
6037531301,"Los Angeles, CA",26708
6037231720,"South Figueroa Corridor, Los Angeles, CA",26693
6037552302,"Norwalk, CA",26682
6037603001,"Gardena, CA",26680
6037204600,"Boyle Heights, Los Angeles, CA",26669
6037433305,"El Monte, CA",26663
6037208402,"Central LA, Los Angeles, CA",26653
6037209510,"Central LA, Los Angeles, CA",26636
6037535501,"South Gate, CA",26620
6037602104,"Hawthorne, CA",26608
6037601502,"Inglewood, CA",26596
6037554204,"Bellflower, CA",26583
6037553503,"Paramount, CA",26582
6037199700,"Central LA, Los Angeles, CA",26572
6037703001,"Fox Hills, Culver City, CA",26563
6037218701,"Central LA, Los Angeles, CA",26554
6037192700,"Central LA, Los Angeles, CA",26533
6037433403,"El Monte, CA",26528
6037540000,"Lynwood, CA",26516
6037218800,"Central LA, Los Angeles, CA",26513
6037503000,"Whittier, CA",26504
6037214400,"Central LA, Los Angeles, CA",26500
6037602403,"Hawthorne, CA",26497
6037190520,"Central LA, Los Angeles, CA",26487
6037267403,"West Los Angeles, Los Angeles, CA",26477
6037190802,"Central LA, Los Angeles, CA",26473
6037602105,"Hawthorne, CA",26469
6037502302,"Whittier, CA",26467
6037191110,"Central LA, Los Angeles, CA",26465
6037552200,"Norwalk, CA",26461
6037209520,"Central LA, Los Angeles, CA",26457
6037213202,"Central LA, Los Angeles, CA",26454
6037540101,"Lynwood, CA",26454
6037275500,"Culver City, CA",26448
6037553400,"Downey, CA",26444
6037191720,"Central LA, Los Angeles, CA",26442
6037530802,"Los Angeles, CA",26428
6037533601,"Bell, CA",26417
6037212305,"Central LA, Los Angeles, CA",26415
6037552601,"Norwalk, CA",26408
6037532605,"Huntington Park, CA",26405
6037602002,"Hawthorne, CA",26403
6037533701,"Maywood, CA",26396
6037532302,"South Montebello, Los Angeles, CA",26389
6037534002,"South Montebello, Bell Gardens, CA",26377
6037211201,"Central LA, Los Angeles, CA",26371
6037271802,"Palms, Los Angeles, CA",26370
6037273600,"Venice, Los Angeles, CA",26340
6037601700,"Inglewood, CA",26275
6037433504,"El Monte City, El Monte, CA",26275
6037190700,"Central LA, Los Angeles, CA",26250
6037533402,"Maywood, CA",26246
6037222200,"South Los Angeles, Los Angeles, CA",26241
6037228410,"South Los Angeles, Los Angeles, CA",26239
6037221602,"Central LA, Los Angeles, CA",26223
6037531702,"South Montebello, East Los Angeles, CA",26217
6037271200,"Sawtelle, Los Angeles, CA",26188
6037502902,"Santa Fe Springs, CA",26182
6037291120,"Harbor, Gardena, CA",26176
6037530902,"Los Angeles, CA",26171
6037533602,"Bell, CA",26168
6037535804,"South Gate, CA",26158
6037241300,"Harbor Gateway North, Los Angeles, CA",26141
6037533001,"South Los Angeles, Los Angeles, CA",26140
6037218400,"Central LA, Los Angeles, CA",26138
6037571704,"Addams, Long Beach, CA",26137
6037533805,"Bell, CA",26135
6037209402,"Central LA, Los Angeles, CA",26131
6037601501,"Inglewood, CA",26118
6037553802,"Paramount, CA",26111
6037531602,"South Montebello, East Los Angeles, CA",26109
6037204700,"Boyle Heights, Los Angeles, CA",26108
6037201504,"Northeast Los Angeles, Los Angeles, CA",26097
6037532101,"South Montebello, Montebello, CA",26088
6037190902,"Central LA, Los Angeles, CA",26062
6037603004,"Gardena, CA",26059
6037433901,"El Monte, CA",26059
6037189904,"Central LA, Los Angeles, CA",26048
6037703100,"View Park, View Park-Windsor Hills, CA",26037
6037199110,"Montecito Heights, Los Angeles, CA",26033
6037204810,"Boyle Heights, Los Angeles, CA",26029
6037214000,"Central LA, Los Angeles, CA",26006
6037602004,"Inglewood, CA",26005
6037534301,"Cudahy, CA",25993
6037532606,"Huntington Park, CA",25991
6037570304,"North Long Beach, Long Beach, CA",25979
6037541802,"Lynwood, CA",25978
6037226420,"South Los Angeles, Los Angeles, CA",25975
6037229100,"Central Alameda, Los Angeles, CA",25975
6037433501,"El Monte City, South El Monte, CA",25943
6037221402,"Central LA, Los Angeles, CA",25942
6037572400,"Upper Westside, Long Beach, CA",25938
6037604001,"Lawndale, CA",25927
6037602900,"Gardena, CA",25926
6037236400,"Baldwin Hills, Los Angeles, CA",25912
6037543905,"Carson, CA",25896
6037217200,"Central LA, Los Angeles, CA",25885
6037570601,"Lindbergh, Long Beach, CA",25884
6037208620,"Central LA, Los Angeles, CA",25881
6037221710,"Jefferson, Los Angeles, CA",25877
6037533201,"Huntington Park, CA",25870
6037534803,"Huntington Park, CA",25865
6037208301,"Central LA, Los Angeles, CA",25857
6037700502,"Central LA, West Hollywood, CA",25855
6037212202,"Central LA, Los Angeles, CA",25798
6037534201,"South Montebello, Bell Gardens, CA",25784
6037532604,"Huntington Park, CA",25776
6037542104,"East Compton, CA",25768
6037551102,"Downey, CA",25757
6037211921,"Central LA, Los Angeles, CA",25757
6037600703,"Morningside Park, Inglewood, CA",25752
6037224420,"South Los Angeles, Los Angeles, CA",25745
6037190901,"Central LA, Los Angeles, CA",25744
6037501001,"Whittier, CA",25742
6037500402,"El Rancho, Pico Rivera, CA",25739
6037272302,"Mar Vista, Los Angeles, CA",25731
6037533202,"Huntington Park, CA",25726
6037601002,"Inglewood, CA",25703
6037572301,"Arlington, Long Beach, CA",25686
6037540501,"Lynwood, CA",25676
6037602600,"Gardena, CA",25675
6037602003,"Inglewood, CA",25666
6037541801,"Lynwood, CA",25643
6037293202,"Harbor Gateway South, Torrance, CA",25641
6037554302,"Bellflower, CA",25640
6037208801,"Central LA, Los Angeles, CA",25610
6037222001,"Jefferson, Los Angeles, CA",25595
6037239601,"South Los Angeles, Los Angeles, CA",25593
6037500500,"El Rancho, Pico Rivera, CA",25592
6037534404,"Cudahy, CA",25569
6037554301,"Bellflower, CA",25562
6037603005,"Gardena, CA",25551
6037269602,"Central LA, Los Angeles, CA",25538
6037534202,"South Montebello, Bell Gardens, CA",25534
6037531201,"Los Angeles, CA",25527
6037221110,"Central LA, Los Angeles, CA",25526
6037204820,"Boyle Heights, Los Angeles, CA",25494
6037219700,"Jefferson, Los Angeles, CA",25476
6037191203,"Central LA, Los Angeles, CA",25449
6037600911,"Inglewood, CA",25444
6037601802,"Inglewood, CA",25418
6037238400,"South Los Angeles, Los Angeles, CA",25417
6037553602,"Paramount, CA",25417
6037571701,"North Long Beach, Long Beach, CA",25415
6037532700,"South Los Angeles, Los Angeles, CA",25397
6037224320,"Central LA, Los Angeles, CA",25396
6037600801,"Morningside Park, Inglewood, CA",25394
6037218220,"Central LA, Los Angeles, CA",25383
6037530801,"Los Angeles, CA",25379
6037541700,"Lynwood, CA",25378
6037530700,"Los Angeles, CA",25371
6037540201,"South Gate, CA",25356
6037195804,"Silver Lake, Los Angeles, CA",25349
6037535603,"South Gate, CA",25344
6037224200,"Central LA, Los Angeles, CA",25341
6037600704,"Morningside Park, Inglewood, CA",25320
6037534405,"Cudahy, CA",25290
6037531202,"Los Angeles, CA",25284
6037222500,"South Los Angeles, Los Angeles, CA",25279
6037211122,"Central LA, Los Angeles, CA",25264
6037540203,"Lynwood, CA",25263
6037533105,"Huntington Park, CA",25258
6037530400,"Monterey Park, CA",25241
6037570403,"College Square, Long Beach, CA",25222
6037502802,"Santa Fe Springs, CA",25217
6037212502,"Central LA, Los Angeles, CA",25200
6037534900,"South Los Angeles, Los Angeles, CA",25179
6037292000,"Harbor, Torrance, CA",25175
6037219300,"Jefferson, Los Angeles, CA",25171
6037532002,"South Montebello, Montebello, CA",25169
6037237401,"South Los Angeles, Los Angeles, CA",25155
6037219902,"Los Angeles, CA",25140
6037433801,"South El Monte, CA",25137
6037600502,"Inglewood, CA",25113
6037205110,"Boyle Heights, Los Angeles, CA",25112
6037553601,"Paramount, CA",25090
6037221900,"South Los Angeles, Los Angeles, CA",25084
6037221303,"Central LA, Los Angeles, CA",25083
6037234300,"Leimert Park, Los Angeles, CA",25083
6037600902,"Inglewood, CA",25083
6037530901,"Los Angeles, CA",25073
6037501504,"Whittier, CA",25071
6037218300,"Central LA, Los Angeles, CA",25066
6037603704,"Hawthorne, CA",25065
6037228310,"South Los Angeles, Los Angeles, CA",25060
6037231800,"South Figueroa Corridor, Los Angeles, CA",25058
6037203720,"Boyle Heights, Los Angeles, CA",25051
6037531901,"South Montebello, East Los Angeles, CA",25044
6037434001,"El Monte, CA",25044
6037534102,"South Montebello, Bell Gardens, CA",25041
6037221302,"Central LA, Los Angeles, CA",25030
6037533603,"Bell, CA",25010
6037226410,"South Los Angeles, Los Angeles, CA",24998
6037234600,"Park Mesa Heights, Los Angeles, CA",24976
6037218110,"Central LA, Los Angeles, CA",24970
6037203300,"Northeast Los Angeles, Los Angeles, CA",24958
6037269601,"Central LA, Los Angeles, CA",24955
6037531503,"East Los Angeles, CA",24933
6037208000,"Central LA, Los Angeles, CA",24918
6037203600,"Boyle Heights, Los Angeles, CA",24905
6037231500,"Leimert Park, Los Angeles, CA",24897
6037227010,"South Los Angeles, Los Angeles, CA",24896
6037531302,"Los Angeles, CA",24895
6037433302,"El Monte, CA",24887
6037602508,"Hawthorne, CA",24878
6037501503,"Whittier, CA",24865
6037601900,"Inglewood, CA",24856
6037501400,"Whittier, CA",24851
6037203100,"Northeast Los Angeles, Los Angeles, CA",24829
6037532900,"South Los Angeles, Los Angeles, CA",24824
6037212204,"Central LA, Los Angeles, CA",24824
6037209102,"Central LA, Los Angeles, CA",24823
6037213402,"Central LA, Los Angeles, CA",24810
6037204910,"Boyle Heights, Los Angeles, CA",24802
6037237202,"South Los Angeles, Los Angeles, CA",24767
6037541001,"Gardena, CA",24763
6037542106,"East Compton, CA",24754
6037212900,"Central LA, Los Angeles, CA",24744
6037203800,"Boyle Heights, Los Angeles, CA",24712
6037533300,"Maywood, CA",24698
6037221120,"Central LA, Los Angeles, CA",24693
6037203900,"Boyle Heights, Los Angeles, CA",24691
6037570203,"North Long Beach, Long Beach, CA",24687
6037215101,"Central LA, Los Angeles, CA",24673
6037572500,"West Side, Long Beach, CA",24658
6037501804,"Whittier, CA",24645
6037212303,"Central LA, Los Angeles, CA",24617
6037211320,"Central LA, Los Angeles, CA",24606
6037570404,"Freeway Circle, Long Beach, CA",24602
6037219901,"Los Angeles, CA",24599
6037221500,"South Los Angeles, Los Angeles, CA",24592
6037212410,"Central LA, Los Angeles, CA",24588
6037218500,"Central LA, Los Angeles, CA",24575
6037221401,"Jefferson, Los Angeles, CA",24558
6037205120,"Central LA, Los Angeles, CA",24537
6037211202,"Central LA, Los Angeles, CA",24535
6037219800,"Los Angeles, CA",24522
6037531101,"Los Angeles, CA",24505
6037219010,"South Los Angeles, Los Angeles, CA",24492
6037231300,"South Los Angeles, Los Angeles, CA",24484
6037532603,"Huntington Park, CA",24475
6037222002,"South Los Angeles, Los Angeles, CA",24473
6037270300,"Central LA, Los Angeles, CA",24459
6037211310,"Central LA, Los Angeles, CA",24457
6037291220,"Harbor, Gardena, CA",24451
6037553702,"Paramount, CA",24443
6037531000,"Los Angeles, CA",24442
6037229300,"South Figueroa Corridor, Los Angeles, CA",24424
6037600802,"Morningside Park, Inglewood, CA",24419
6037553801,"Paramount, CA",24417
6037269904,"Palms, Los Angeles, CA",24402
6037532200,"South Montebello, Montebello, CA",24398
6037701802,"Pico, Santa Monica, CA",24376
6037535300,"South Los Angeles, Los Angeles, CA",24371
6037195720,"Echo Park, Los Angeles, CA",24354
6037273200,"Venice, Los Angeles, CA",24344
6037203200,"Boyle Heights, Los Angeles, CA",24332
6037601211,"Inglewood, CA",24293
6037191000,"Central LA, Los Angeles, CA",24289
6037237402,"South Los Angeles, Los Angeles, CA",24283
6037237101,"South Figueroa Corridor, Los Angeles, CA",24260
6037218702,"Jefferson, Los Angeles, CA",24250
6037218600,"Central LA, Los Angeles, CA",24214
6037540902,"South Los Angeles, Los Angeles, CA",24201
6037531604,"East Los Angeles, CA",24189
6037551300,"Downey, CA",24181
6037275200,"Los Angeles, CA",24164
6037228100,"South Los Angeles, Los Angeles, CA",24149
6037552400,"Norwalk, CA",24147
6037208902,"Central LA, Los Angeles, CA",24110
6037226700,"South Los Angeles, Los Angeles, CA",24103
6037601801,"Inglewood, CA",24089
6037530500,"East Los Angeles, CA",24087
6037229200,"South Los Angeles, Los Angeles, CA",24085
6037237800,"South Los Angeles, Los Angeles, CA",24084
6037277200,"Westchester, Los Angeles, CA",24078
6037535001,"South Los Angeles, Los Angeles, CA",24071
6037554403,"Bellflower, CA",24067
6037535101,"South Los Angeles, Los Angeles, CA",24047
6037553902,"Paramount, CA",24041
6037602802,"South Los Angeles, Los Angeles, CA",24011
6037272202,"Mar Vista, Los Angeles, CA",24010
6037219020,"South Los Angeles, Los Angeles, CA",23990
6037234800,"Park Mesa Heights, Los Angeles, CA",23984
6037191204,"Central LA, Los Angeles, CA",23970
6037204200,"Boyle Heights, Los Angeles, CA",23966
6037208904,"Central LA, Los Angeles, CA",23958
6037542000,"Compton, CA",23946
6037553502,"Paramount, CA",23930
6037542105,"Compton, CA",23927
6037207301,"Central LA, Los Angeles, CA",23913
6037224600,"South Figueroa Corridor, Los Angeles, CA",23886
6037228210,"South Los Angeles, Los Angeles, CA",23868
6037228420,"South Los Angeles, Los Angeles, CA",23835
6037432802,"El Monte City, El Monte, CA",23825
6037217100,"Central LA, Los Angeles, CA",23824
6037570301,"North Long Beach, Long Beach, CA",23819
6037602504,"Hawthorne, CA",23811
6037602801,"South Los Angeles, Los Angeles, CA",23811
6037600304,"South Los Angeles, Los Angeles, CA",23805
6037208302,"Central LA, Los Angeles, CA",23790
6037228600,"South Los Angeles, Los Angeles, CA",23762
6037600400,"South Los Angeles, Los Angeles, CA",23754
6037231600,"South Los Angeles, Los Angeles, CA",23730
6037224020,"South Los Angeles, Los Angeles, CA",23702
6037543100,"Compton, CA",23699
6037542602,"Compton, CA",23693
6037570303,"North Long Beach, Long Beach, CA",23692
6037239502,"South Los Angeles, Los Angeles, CA",23686
6037540502,"Lynwood, CA",23676
6037220000,"Jefferson, Los Angeles, CA",23667
6037542601,"Compton, CA",23663
6037533103,"Huntington Park, CA",23642
6037270100,"Palms, Los Angeles, CA",23641
6037221820,"Jefferson, Los Angeles, CA",23641
6037209401,"Central LA, Los Angeles, CA",23608
6037600601,"Inglewood, CA",23592
6037602507,"Hawthorne, CA",23591
6037543000,"Compton, CA",23567
6037502003,"East Whitter, Whittier, CA",23552
6037570603,"North Long Beach, Long Beach, CA",23519
6037540800,"South Los Angeles, Los Angeles, CA",23504
6037218210,"Central LA, Los Angeles, CA",23490
6037533104,"Huntington Park, CA",23480
6037228500,"South Figueroa Corridor, Los Angeles, CA",23479
6037222600,"South Los Angeles, Los Angeles, CA",23471
6037236100,"Baldwin Village, Los Angeles, CA",23449
6037212501,"Central LA, Los Angeles, CA",23438
6037432801,"El Monte City, El Monte, CA",23435
6037555211,"Hawaiian Gardens, CA",23385
6037209820,"Central LA, Los Angeles, CA",23382
6037239602,"South Los Angeles, Los Angeles, CA",23377
6037501803,"Whittier, CA",23371
6037541002,"Carson, CA",23371
6037534302,"Cudahy, CA",23371
6037239802,"South Los Angeles, Los Angeles, CA",23363
6037231900,"South Figueroa Corridor, Los Angeles, CA",23349
6037237102,"South Figueroa Corridor, Los Angeles, CA",23330
6037209300,"Central LA, Los Angeles, CA",23329
6037232700,"South Figueroa Corridor, Los Angeles, CA",23310
6037232120,"South Los Angeles, Los Angeles, CA",23262
6037554105,"Bellflower, CA",23252
6037191120,"Central LA, Los Angeles, CA",23250
6037229410,"South Los Angeles, Los Angeles, CA",23231
6037540400,"South Los Angeles, Los Angeles, CA",23221
6037601100,"Inglewood, CA",23214
6037239202,"South Los Angeles, Los Angeles, CA",23188
6037231210,"South Los Angeles, Los Angeles, CA",23153
6037228220,"South Los Angeles, Los Angeles, CA",23150
6037232110,"South Figueroa Corridor, Los Angeles, CA",23141
6037195901,"Silver Lake, Los Angeles, CA",23136
6037542200,"Compton, CA",23129
6037239310,"South Los Angeles, Los Angeles, CA",23119
6037234501,"South Los Angeles, Los Angeles, CA",23118
6037221810,"South Los Angeles, Los Angeles, CA",23101
6037204920,"Boyle Heights, Los Angeles, CA",23097
6037240200,"South Los Angeles, Los Angeles, CA",23087
6037535102,"South Los Angeles, Los Angeles, CA",23079
6037239320,"South Los Angeles, Los Angeles, CA",23057
6037541604,"Compton, CA",23044
6037600302,"South Los Angeles, Los Angeles, CA",23023
6037232400,"South Los Angeles, Los Angeles, CA",23009
6037232800,"South Figueroa Corridor, Los Angeles, CA",23006
6037241201,"South Los Angeles, Los Angeles, CA",23001
6037218900,"Jefferson, Los Angeles, CA",22999
6037231400,"Leimert Park, Los Angeles, CA",22984
6037243000,"South Los Angeles, Los Angeles, CA",22979
6037232600,"South Los Angeles, Los Angeles, CA",22956
6037541606,"Compton, CA",22944
6037601303,"Inglewood, CA",22926
6037206200,"Central LA, Los Angeles, CA",22917
6037240900,"South Los Angeles, Los Angeles, CA",22908
6037541300,"Compton, CA",22848
6037277400,"Los Angeles, CA",22844
6037208720,"Central LA, Los Angeles, CA",22839
6037542103,"Compton, CA",22830
6037600201,"South Los Angeles, Los Angeles, CA",22794
6037533002,"South Los Angeles, Los Angeles, CA",22786
6037232500,"South Los Angeles, Los Angeles, CA",22771
6037234200,"Leimert Park, Los Angeles, CA",22713
6037542700,"Compton, CA",22705
6037541500,"South Los Angeles, Compton, CA",22699
6037232300,"South Los Angeles, Los Angeles, CA",22696
6037535200,"South Los Angeles, Los Angeles, CA",22682
6037242700,"South Los Angeles, Los Angeles, CA",22678
6037228320,"South Los Angeles, Los Angeles, CA",22670
6037241120,"South Los Angeles, Los Angeles, CA",22618
6037541605,"Compton, CA",22617
6037534101,"South Montebello, Bell Gardens, CA",22583
6037543305,"Los Angeles County, CA",22579
6037237300,"South Los Angeles, Los Angeles, CA",22561
6037242200,"South Los Angeles, Los Angeles, CA",22543
6037601302,"Inglewood, CA",22537
6037234502,"South Los Angeles, Los Angeles, CA",22534
6037601001,"Inglewood, CA",22533
6037228800,"Central Alameda, Los Angeles, CA",22517
6037239201,"South Los Angeles, Los Angeles, CA",22501
6037542800,"Compton, CA",22501
6037541200,"Compton, CA",22473
6037229420,"South Los Angeles, Los Angeles, CA",22465
6037221304,"Central LA, Los Angeles, CA",22410
6037228720,"South Los Angeles, Los Angeles, CA",22365
6037227020,"South Los Angeles, Los Angeles, CA",22345
6037541400,"South Los Angeles, Compton, CA",22341
6037540901,"South Los Angeles, Los Angeles, CA",22331
6037542402,"Compton, CA",22322
6037239702,"South Los Angeles, Los Angeles, CA",22321
6037237720,"South Figueroa Corridor, Los Angeles, CA",22308
6037231100,"South Los Angeles, Los Angeles, CA",22245
6037541100,"Compton, CA",22177
6037204420,"Boyle Heights, Los Angeles, CA",22166
6037535400,"South Los Angeles, Los Angeles, CA",22132
6037212304,"Central LA, Los Angeles, CA",22120
6037555212,"Hawaiian Gardens, CA",22093
6037208903,"Central LA, Los Angeles, CA",22087
6037542501,"Compton, CA",22010
6037209104,"Central LA, Los Angeles, CA",21961
6037542401,"Compton, CA",21954
6037600702,"Morningside Park, Inglewood, CA",21950
6037241002,"South Los Angeles, Los Angeles, CA",21902
6037542900,"Compton, CA",21898
6037235201,"Park Mesa Heights, Los Angeles, CA",21897
6037240020,"South Los Angeles, Los Angeles, CA",21728
6037238000,"South Los Angeles, Los Angeles, CA",21713
6037532800,"South Los Angeles, Los Angeles, CA",21657
6037207302,"Central LA, Los Angeles, CA",21639
6037242300,"South Los Angeles, Los Angeles, CA",21632
6037240402,"South Los Angeles, Los Angeles, CA",21606
6037543201,"Compton, CA",21602
6037241400,"Harbor, Los Angeles, CA",21592
6037542502,"Compton, CA",21588
6037239501,"South Los Angeles, Los Angeles, CA",21571
6037240500,"South Los Angeles, Los Angeles, CA",21546
6037602505,"Hawthorne, CA",21541
6037231220,"South Figueroa Corridor, Los Angeles, CA",21519
6037234700,"Park Mesa Heights, Los Angeles, CA",21451
6037543202,"Compton, CA",21428
6037206032,"Central LA, Los Angeles, CA",21419
6037237600,"South Figueroa Corridor, Los Angeles, CA",21411
6037238100,"South Los Angeles, Los Angeles, CA",21357
6037239330,"South Los Angeles, Los Angeles, CA",21291
6037207502,"Downtown, Los Angeles, CA",21257
6037237900,"South Los Angeles, Los Angeles, CA",21248
6037240800,"South Los Angeles, Los Angeles, CA",21244
6037209810,"Central LA, Los Angeles, CA",21216
6037602506,"Hawthorne, CA",21202
6037541603,"Compton, CA",21152
6037241001,"South Los Angeles, Los Angeles, CA",21149
6037207710,"Central LA, Los Angeles, CA",21148
6037240401,"South Los Angeles, Los Angeles, CA",21141
6037224010,"Central LA, Los Angeles, CA",21123
6037241110,"South Los Angeles, Los Angeles, CA",21076
6037240010,"South Los Angeles, Los Angeles, CA",21009
6037228710,"Central Alameda, Los Angeles, CA",20972
6037239701,"South Los Angeles, Los Angeles, CA",20936
6037236202,"Baldwin Village, Los Angeles, CA",20931
6037240300,"South Los Angeles, Los Angeles, CA",20916
6037224310,"Central LA, Los Angeles, CA",20900
6037206031,"Arts District, Los Angeles, CA",20897
6037239801,"South Los Angeles, Los Angeles, CA",20831
6037238310,"South Figueroa Corridor, Los Angeles, CA",20775
6037231710,"South Figueroa Corridor, Los Angeles, CA",20770
6037240700,"South Los Angeles, Los Angeles, CA",20766
6037240600,"South Los Angeles, Los Angeles, CA",20765
6037273300,"Venice, Los Angeles, CA",20742
6037237710,"South Figueroa Corridor, Los Angeles, CA",20725
6037228900,"Central Alameda, Los Angeles, CA",20640
6037237500,"South Figueroa Corridor, Los Angeles, CA",20571
6037209103,"Central LA, Los Angeles, CA",20540
6037232200,"South Los Angeles, Los Angeles, CA",20529
6037236203,"Crenshaw, Los Angeles, CA",20509
6037235202,"Park Mesa Heights, Los Angeles, CA",20508
6037238200,"South Los Angeles, Los Angeles, CA",20466
6037291110,"Harbor, Los Angeles, CA",20462
6037540700,"South Los Angeles, Los Angeles, CA",20302
6037238320,"South Figueroa Corridor, Los Angeles, CA",20272
6037237201,"South Los Angeles, Los Angeles, CA",20195
6037242000,"South Los Angeles, Los Angeles, CA",20072
6037600100,"South Los Angeles, Los Angeles, CA",20027
6037540600,"South Los Angeles, Los Angeles, CA",19905
6037226001,"South Los Angeles, Los Angeles, CA",19574
6037234901,"Park Mesa Heights, Los Angeles, CA",19287
6037600303,"South Los Angeles, Los Angeles, CA",19091
6037600202,"South Los Angeles, Los Angeles, CA",19077
6037273502,"Venice, Los Angeles, CA",19063
6037243100,"South Los Angeles, Los Angeles, CA",19011
6037600602,"Inglewood, CA",18975
6037241202,"South Los Angeles, Los Angeles, CA",18623
6037209200,"Central LA, Los Angeles, CA",18610
6037242600,"South Los Angeles, Los Angeles, CA",18573
6037571600,"Carmelitos, Long Beach, CA",18125
6037234902,"Park Mesa Heights, Los Angeles, CA",18086
6037236204,"Baldwin Village, Los Angeles, CA",16813
6037242100,"South Los Angeles, Los Angeles, CA",16346
6037206300,"Central LA, Los Angeles, CA",12987
6037980030,"El Segundo, CA",
6037980006,"Long Beach, CA",
6037980005,"Torrance, CA",
6037265301,"Westwood, Los Angeles, CA",
6037980018,"Long Beach, CA",
6037980025,"Carson, CA",
6037980002,"Carson, CA",
6037980013,"El Segundo, CA",
6037207400,"Central LA, Los Angeles, CA",
6037551600,"Downey, CA",
6037206020,"Central LA, Los Angeles, CA",
6037980028,"Los Angeles, CA",
6037504102,"Norwalk, CA",
6037265304,"Westwood, Los Angeles, CA",
6037222700,"South Los Angeles, Los Angeles, CA",