"tract","Name","Number_of_Children_rP_gP_pall"
6059110603,"Buena Park, CA",2974
6037540502,"Lynwood, CA",2868
6059110500,"Buena Park, CA",2847
6037540000,"Lynwood, CA",2832
6037541400,"South Los Angeles, Compton, CA",2761
6059086901,"Southwest Anaheim, Anaheim, CA",2741
6037532900,"South Los Angeles, Los Angeles, CA",2725
6037535101,"South Los Angeles, Los Angeles, CA",2715
6037540202,"Lynwood, CA",2706
6037533901,"South Montebello, Bell Gardens, CA",2635
6037542200,"Compton, CA",2629
6037534102,"South Montebello, Bell Gardens, CA",2627
6037540102,"Lynwood, CA",2585
6037534202,"South Montebello, Bell Gardens, CA",2583
6037570501,"Jordan, Long Beach, CA",2579
6037601900,"Inglewood, CA",2570
6037541604,"Compton, CA",2548
6037553901,"Paramount, CA",2538
6037552200,"Norwalk, CA",2537
6037532200,"South Montebello, Montebello, CA",2503
6037532101,"South Montebello, Montebello, CA",2479
6037536200,"South Gate, CA",2477
6037555211,"Hawaiian Gardens, CA",2476
6037541700,"Lynwood, CA",2464
6037293202,"Harbor Gateway South, Torrance, CA",2464
6037535802,"South Gate, CA",2462
6037242600,"South Los Angeles, Los Angeles, CA",2453
6037534900,"South Los Angeles, Los Angeles, CA",2449
6037600202,"South Los Angeles, Los Angeles, CA",2435
6037570301,"North Long Beach, Long Beach, CA",2420
6037432802,"El Monte City, El Monte, CA",2416
6037226700,"South Los Angeles, Los Angeles, CA",2406
6037433801,"South El Monte, CA",2402
6037292000,"Harbor, Torrance, CA",2387
6037600100,"South Los Angeles, Los Angeles, CA",2385
6037550300,"Norwalk, CA",2379
6037602103,"Hawthorne, CA",2379
6037601212,"Inglewood, CA",2372
6037531302,"Los Angeles, CA",2370
6037550100,"Norwalk, CA",2368
6037602508,"Hawthorne, CA",2361
6037242200,"South Los Angeles, Los Angeles, CA",2360
6037535300,"South Los Angeles, Los Angeles, CA",2350
6037543100,"Compton, CA",2347
6037540101,"Lynwood, CA",2343
6037600902,"Inglewood, CA",2338
6037228800,"Central Alameda, Los Angeles, CA",2320
6037533603,"Bell, CA",2313
6037534001,"South Montebello, Bell Gardens, CA",2310
6037601700,"Inglewood, CA",2305
6037551202,"Downey, CA",2294
6037570202,"Hamilton, Long Beach, CA",2286
6037503000,"Whittier, CA",2280
6059110202,"Southwest Anaheim, Buena Park, CA",2266
6037570502,"Grant, Long Beach, CA",2260
6037601100,"Inglewood, CA",2254
6037535200,"South Los Angeles, Los Angeles, CA",2245
6037533803,"Bell, CA",2242
6037603704,"Hawthorne, CA",2242
6037535804,"South Gate, CA",2238
6037533602,"Bell, CA",2234
6037502601,"El Rancho, Pico Rivera, CA",2228
6037208000,"Central LA, Los Angeles, CA",2228
6037570602,"Harte, Long Beach, CA",2225
6037530801,"Los Angeles, CA",2220
6037502700,"Santa Fe Springs, CA",2217
6037243000,"South Los Angeles, Los Angeles, CA",2215
6037571701,"North Long Beach, Long Beach, CA",2201
6037601302,"Inglewood, CA",2199
6037540300,"Lynwood, CA",2199
6037552601,"Norwalk, CA",2196
6037240300,"South Los Angeles, Los Angeles, CA",2192
6037542000,"Compton, CA",2190
6037602600,"Gardena, CA",2185
6037432500,"El Monte City, El Monte, CA",2177
6037203600,"Boyle Heights, Los Angeles, CA",2165
6037604100,"Lawndale, CA",2161
6037433901,"El Monte, CA",2150
6037203100,"Northeast Los Angeles, Los Angeles, CA",2146
6037541802,"Lynwood, CA",2140
6037531901,"South Montebello, East Los Angeles, CA",2134
6037243100,"South Los Angeles, Los Angeles, CA",2127
6037540203,"Lynwood, CA",2127
6037541500,"South Los Angeles, Compton, CA",2122
6037551700,"Downey, CA",2120
6037555102,"Lakewood, CA",2119
6037530302,"South Montebello, East Los Angeles, CA",2113
6037535902,"South Gate, CA",2112
6037231600,"South Los Angeles, Los Angeles, CA",2111
6037552700,"Norwalk, CA",2107
6037535701,"South Gate, CA",2103
6037603900,"Lawndale, CA",2102
6037541605,"Compton, CA",2096
6037541300,"Compton, CA",2094
6037552900,"Norwalk, CA",2094
6037543202,"Compton, CA",2086
6037553902,"Paramount, CA",2085
6037432601,"El Monte City, El Monte, CA",2081
6037552800,"Norwalk, CA",2080
6037433200,"El Monte City, El Monte, CA",2071
6037531201,"Los Angeles, CA",2065
6037232700,"South Figueroa Corridor, Los Angeles, CA",2059
6037620800,"Manhattan Beach, CA",2056
6037432402,"El Monte City, El Monte, CA",2053
6037553802,"Paramount, CA",2052
6037553504,"Paramount, CA",2044
6037600912,"Inglewood, CA",2044
6037236202,"Baldwin Village, Los Angeles, CA",2043
6037232400,"South Los Angeles, Los Angeles, CA",2039
6037503302,"East Whitter, Whittier, CA",2035
6037553200,"Bellflower, CA",2035
6037553601,"Paramount, CA",2024
6037542700,"Compton, CA",2015
6037502200,"Whittier, CA",1996
6037603001,"Gardena, CA",1983
6037602104,"Hawthorne, CA",1980
6037531701,"South Montebello, East Los Angeles, CA",1974
6037535901,"South Gate, CA",1973
6037602402,"Hawthorne, CA",1972
6037550500,"Downey, CA",1969
6037542105,"Compton, CA",1967
6037536103,"South Gate, CA",1963
6037240401,"South Los Angeles, Los Angeles, CA",1953
6037551102,"Downey, CA",1945
6037570403,"College Square, Long Beach, CA",1941
6037535702,"South Gate, CA",1936
6037551800,"Downey, CA",1933
6037503501,"East Whitter, Whittier, CA",1933
6037531000,"Los Angeles, CA",1932
6037408301,"Bassett, Avocado Heights, CA",1930
6037238310,"South Figueroa Corridor, Los Angeles, CA",1926
6037502100,"Whittier, CA",1923
6037553100,"Bellflower, CA",1917
6037540800,"South Los Angeles, Los Angeles, CA",1916
6037543306,"Carson, CA",1916
6037433403,"El Monte, CA",1916
6037531301,"Los Angeles, CA",1906
6037232600,"South Los Angeles, Los Angeles, CA",1906
6037500600,"El Rancho, Pico Rivera, CA",1905
6037228310,"South Los Angeles, Los Angeles, CA",1903
6037553702,"Paramount, CA",1903
6037228100,"South Los Angeles, Los Angeles, CA",1902
6037542602,"Compton, CA",1898
6037500700,"El Rancho, Pico Rivera, CA",1898
6037541801,"Lynwood, CA",1897
6037571200,"Lakewood Village, Long Beach, CA",1893
6037531800,"South Montebello, East Los Angeles, CA",1887
6037602200,"Los Angeles, CA",1883
6037229300,"South Figueroa Corridor, Los Angeles, CA",1877
6037201501,"Northeast Los Angeles, Los Angeles, CA",1875
6037240900,"South Los Angeles, Los Angeles, CA",1875
6037226420,"South Los Angeles, Los Angeles, CA",1874
6037602404,"Hawthorne, CA",1870
6037602003,"Inglewood, CA",1870
6037570601,"Lindbergh, Long Beach, CA",1869
6037222600,"South Los Angeles, Los Angeles, CA",1869
6037534406,"Cudahy, CA",1865
6037228600,"South Los Angeles, Los Angeles, CA",1864
6037570304,"North Long Beach, Long Beach, CA",1863
6037231800,"South Figueroa Corridor, Los Angeles, CA",1858
6037242700,"South Los Angeles, Los Angeles, CA",1858
6037501300,"Whittier, CA",1854
6037534201,"South Montebello, Bell Gardens, CA",1852
6037543322,"Carson, CA",1849
6037543802,"Carson, CA",1849
6037433305,"El Monte, CA",1846
6037540501,"Lynwood, CA",1839
6037601402,"Inglewood, CA",1839
6037240500,"South Los Angeles, Los Angeles, CA",1839
6037535607,"South Gate, CA",1837
6037533401,"Maywood, CA",1835
6037502801,"Santa Fe Springs, CA",1834
6037293201,"Harbor, Torrance, CA",1834
6037534501,"Huntington Park, CA",1832
6037550800,"Downey, CA",1831
6037219901,"Los Angeles, CA",1831
6059110201,"Buena Park, CA",1829
6037275500,"Culver City, CA",1823
6059110606,"Buena Park, CA",1822
6037501803,"Whittier, CA",1820
6037203200,"Boyle Heights, Los Angeles, CA",1820
6037231720,"South Figueroa Corridor, Los Angeles, CA",1819
6037531202,"Los Angeles, CA",1818
6037602301,"Hawthorne, CA",1816
6037432700,"El Monte City, El Monte, CA",1816
6037231900,"South Figueroa Corridor, Los Angeles, CA",1816
6037554403,"Bellflower, CA",1814
6037433402,"El Monte, CA",1811
6037240700,"South Los Angeles, Los Angeles, CA",1808
6037603005,"Gardena, CA",1808
6037553801,"Paramount, CA",1803
6037535502,"South Gate, CA",1796
6037555001,"Lakewood, CA",1790
6037229420,"South Los Angeles, Los Angeles, CA",1784
6037433304,"El Monte, CA",1782
6037482402,"Garvey, Rosemead, CA",1778
6037531101,"Los Angeles, CA",1778
6037239802,"South Los Angeles, Los Angeles, CA",1777
6037601802,"Inglewood, CA",1777
6037570701,"Lakewood Mutual, Lakewood, CA",1776
6037570603,"North Long Beach, Long Beach, CA",1774
6059110301,"Buena Park, CA",1774
6037550700,"Downey, CA",1771
6037542401,"Compton, CA",1765
6037550202,"Norwalk, CA",1765
6037240200,"South Los Angeles, Los Angeles, CA",1760
6037500402,"El Rancho, Pico Rivera, CA",1758
6037213401,"Central LA, Los Angeles, CA",1756
6037502901,"East Whitter, Whittier, CA",1755
6037534301,"Cudahy, CA",1752
6037199800,"Northeast Los Angeles, Los Angeles, CA",1751
6037535001,"South Los Angeles, Los Angeles, CA",1750
6037433504,"El Monte City, El Monte, CA",1748
6037228500,"South Figueroa Corridor, Los Angeles, CA",1748
6037534803,"Huntington Park, CA",1738
6037553602,"Paramount, CA",1735
6037482303,"Garvey, Rosemead, CA",1733
6037534405,"Cudahy, CA",1733
6037192520,"Central LA, Los Angeles, CA",1732
6037532800,"South Los Angeles, Los Angeles, CA",1731
6037543304,"Carson, CA",1730
6037191500,"Central LA, Los Angeles, CA",1729
6037238000,"South Los Angeles, Los Angeles, CA",1728
6037601501,"Inglewood, CA",1720
6037542502,"Compton, CA",1720
6037601600,"Inglewood, CA",1717
6037535604,"South Gate, CA",1716
6037543501,"Carson, CA",1714
6037543602,"Torrance, CA",1713
6037533601,"Bell, CA",1712
6059110302,"Buena Park, CA",1710
6037203800,"Boyle Heights, Los Angeles, CA",1708
6037218900,"Jefferson, Los Angeles, CA",1708
6037535803,"South Gate, CA",1706
6037534302,"Cudahy, CA",1706
6037601002,"Inglewood, CA",1706
6037554002,"Bellflower, CA",1704
6037533001,"South Los Angeles, Los Angeles, CA",1700
6037503103,"Whittier, CA",1699
6037530101,"South Montebello, Montebello, CA",1698
6037554900,"Artesia, CA",1697
6037218300,"Central LA, Los Angeles, CA",1692
6037542501,"Compton, CA",1690
6037433102,"El Monte City, El Monte, CA",1678
6037434001,"El Monte, CA",1677
6037229200,"South Los Angeles, Los Angeles, CA",1676
6037231710,"South Figueroa Corridor, Los Angeles, CA",1671
6037213402,"Central LA, Los Angeles, CA",1670
6037551000,"Downey, CA",1666
6037504101,"La Mirada, CA",1666
6037204700,"Boyle Heights, Los Angeles, CA",1660
6037232120,"South Los Angeles, Los Angeles, CA",1657
6037600201,"South Los Angeles, Los Angeles, CA",1656
6037502301,"Whittier, CA",1656
6037228720,"South Los Angeles, Los Angeles, CA",1655
6037535605,"South Gate, CA",1654
6037229100,"Central Alameda, Los Angeles, CA",1653
6037500900,"El Rancho, Pico Rivera, CA",1652
6037533902,"South Montebello, Bell Gardens, CA",1644
6037600303,"South Los Angeles, Los Angeles, CA",1643
6037227010,"South Los Angeles, Los Angeles, CA",1643
6037241120,"South Los Angeles, Los Angeles, CA",1642
6037602106,"Hawthorne, CA",1638
6037601303,"Inglewood, CA",1632
6037532302,"South Montebello, Los Angeles, CA",1629
6037205110,"Boyle Heights, Los Angeles, CA",1629
6037241202,"South Los Angeles, Los Angeles, CA",1627
6037201401,"Northeast Los Angeles, Los Angeles, CA",1625
6037240020,"South Los Angeles, Los Angeles, CA",1624
6037604002,"Lawndale, CA",1621
6037500800,"El Rancho, Pico Rivera, CA",1620
6037552100,"Norwalk, CA",1616
6037434003,"El Monte, CA",1616
6037228710,"Central Alameda, Los Angeles, CA",1615
6037543905,"Carson, CA",1612
6037533804,"Bell, CA",1610
6059110104,"Cypress, CA",1609
6059110110,"Cypress, CA",1608
6037242300,"South Los Angeles, Los Angeles, CA",1607
6037553701,"Paramount, CA",1606
6037554700,"Norwalk, CA",1602
6037531504,"East Los Angeles, CA",1601
6037650902,"Old Town Torrance, Torrance, CA",1600
6037481402,"San Gabriel, CA",1593
6037555212,"Hawaiian Gardens, CA",1591
6037540901,"South Los Angeles, Los Angeles, CA",1590
6037231300,"South Los Angeles, Los Angeles, CA",1589
6037533703,"Maywood, CA",1588
6037541200,"Compton, CA",1587
6037554512,"Cerritos, CA",1587
6037240800,"South Los Angeles, Los Angeles, CA",1585
6037204300,"Boyle Heights, Los Angeles, CA",1584
6037199400,"Mount Washington, Los Angeles, CA",1584
6037203720,"Boyle Heights, Los Angeles, CA",1582
6037602403,"Hawthorne, CA",1582
6037570203,"North Long Beach, Long Beach, CA",1581
6037239202,"South Los Angeles, Los Angeles, CA",1577
6037551900,"Norwalk, CA",1576
6037602802,"South Los Angeles, Los Angeles, CA",1570
6037237300,"South Los Angeles, Los Angeles, CA",1564
6037531702,"South Montebello, East Los Angeles, CA",1563
6037235202,"Park Mesa Heights, Los Angeles, CA",1563
6037650200,"Northwest Torrance, Torrance, CA",1553
6037544001,"Carson, CA",1552
6037570800,"Lakewood, CA",1550
6037199201,"Montecito Heights, Los Angeles, CA",1548
6037530500,"East Los Angeles, CA",1546
6037239701,"South Los Angeles, Los Angeles, CA",1544
6037240600,"South Los Angeles, Los Angeles, CA",1543
6037551501,"Downey, CA",1542
6037570901,"Lakewood, CA",1541
6037534002,"South Montebello, Bell Gardens, CA",1540
6037600304,"South Los Angeles, Los Angeles, CA",1536
6037533806,"Bell, CA",1535
6037228220,"South Los Angeles, Los Angeles, CA",1535
6037218400,"Central LA, Los Angeles, CA",1533
6037238200,"South Los Angeles, Los Angeles, CA",1533
6037531602,"South Montebello, East Los Angeles, CA",1533
6059110117,"Cypress, CA",1531
6037237600,"South Figueroa Corridor, Los Angeles, CA",1529
6037217100,"Central LA, Los Angeles, CA",1527
6037239310,"South Los Angeles, Los Angeles, CA",1525
6037553502,"Paramount, CA",1524
6037535102,"South Los Angeles, Los Angeles, CA",1519
6037543000,"Compton, CA",1517
6037533103,"Huntington Park, CA",1515
6037232500,"South Los Angeles, Los Angeles, CA",1514
6037204810,"Boyle Heights, Los Angeles, CA",1511
6037241001,"South Los Angeles, Los Angeles, CA",1511
6037551300,"Downey, CA",1506
6037195710,"Los Angeles, CA",1505
6037220000,"Jefferson, Los Angeles, CA",1503
6037502004,"East Whitter, Whittier, CA",1496
6037482521,"South Montebello, Rosemead, CA",1496
6037192610,"Central LA, Los Angeles, CA",1495
6037501600,"Whittier, CA",1495
6037222500,"South Los Angeles, Los Angeles, CA",1494
6037191410,"Central LA, Los Angeles, CA",1493
6037240010,"South Los Angeles, Los Angeles, CA",1492
6037218210,"Central LA, Los Angeles, CA",1491
6037601502,"Inglewood, CA",1491
6037602506,"Hawthorne, CA",1490
6037535002,"South Los Angeles, Los Angeles, CA",1490
6037532500,"Huntington Park, CA",1488
6037552301,"Norwalk, CA",1487
6037533402,"Maywood, CA",1486
6037571000,"Lakewood, CA",1485
6037219020,"South Los Angeles, Los Angeles, CA",1484
6037570404,"Freeway Circle, Long Beach, CA",1482
6037553000,"Norwalk, CA",1474
6037205120,"Central LA, Los Angeles, CA",1473
6037650602,"Torrance, CA",1473
6037291210,"Harbor, Gardena, CA",1470
6037570303,"North Long Beach, Long Beach, CA",1470
6037601401,"Inglewood, CA",1469
6037533300,"Maywood, CA",1466
6037238320,"South Figueroa Corridor, Los Angeles, CA",1466
6037234902,"Park Mesa Heights, Los Angeles, CA",1465
6037534404,"Cudahy, CA",1465
6037535603,"South Gate, CA",1464
6037237101,"South Figueroa Corridor, Los Angeles, CA",1463
6037602004,"Inglewood, CA",1461
6037501002,"Whittier, CA",1461
6037602504,"Hawthorne, CA",1460
6037501200,"Whittier, CA",1460
6037603801,"Lawndale, CA",1458
6037535501,"South Gate, CA",1458
6037650300,"Northwest Torrance, Torrance, CA",1458
6037482301,"Garvey, San Gabriel, CA",1457
6037571704,"Addams, Long Beach, CA",1455
6037554101,"Bellflower, CA",1455
6037550902,"Downey, CA",1453
6037277400,"Los Angeles, CA",1451
6037530901,"Los Angeles, CA",1451
6037191610,"Central LA, Los Angeles, CA",1449
6037554105,"Bellflower, CA",1447
6037501400,"Whittier, CA",1443
6037570204,"North Long Beach, Long Beach, CA",1443
6037536104,"South Gate, CA",1442
6037534502,"Huntington Park, CA",1441
6037703002,"Los Angeles, CA",1440
6037554521,"Cerritos, CA",1440
6037533104,"Huntington Park, CA",1439
6037500404,"El Rancho, Pico Rivera, CA",1439
6037542103,"Compton, CA",1439
6037601202,"Inglewood, CA",1438
6037550601,"Downey, CA",1437
6037534804,"Huntington Park, CA",1436
6037218120,"Central LA, Los Angeles, CA",1436
6037197700,"Echo Park, Los Angeles, CA",1435
6037540902,"South Los Angeles, Los Angeles, CA",1435
6037504002,"La Mirada, CA",1433
6037555103,"Lakewood, CA",1432
6037554802,"Artesia, CA",1432
6037602507,"Hawthorne, CA",1430
6037197500,"Echo Park, Los Angeles, CA",1428
6037604001,"Lawndale, CA",1427
6037237202,"South Los Angeles, Los Angeles, CA",1426
6037228410,"South Los Angeles, Los Angeles, CA",1426
6059110111,"Cypress, CA",1424
6037601801,"Inglewood, CA",1424
6037543400,"Carson, CA",1424
6037226410,"South Los Angeles, Los Angeles, CA",1423
6037432602,"El Monte City, El Monte, CA",1421
6037543801,"Carson, CA",1421
6037651201,"Seaside, Torrance, CA",1419
6037219902,"Los Angeles, CA",1417
6037481401,"San Gabriel, CA",1415
6037239702,"South Los Angeles, Los Angeles, CA",1412
6037482002,"Monterey Park, CA",1412
6037600602,"Inglewood, CA",1408
6037533701,"Maywood, CA",1407
6037502602,"El Rancho, Pico Rivera, CA",1407
6037573601,"South of Conant, Long Beach, CA",1406
6037554518,"Cerritos, CA",1406
6037238100,"South Los Angeles, Los Angeles, CA",1403
6037433307,"El Monte, CA",1399
6037242100,"South Los Angeles, Los Angeles, CA",1392
6037602801,"South Los Angeles, Los Angeles, CA",1392
6037222002,"South Los Angeles, Los Angeles, CA",1391
6037533702,"Maywood, CA",1391
6037502401,"El Rancho, Pico Rivera, CA",1390
6037551101,"Downey, CA",1387
6037432102,"Temple City, CA",1387
6059110102,"La Palma, CA",1386
6037602509,"Hawthorne, CA",1385
6037234600,"Park Mesa Heights, Los Angeles, CA",1385
6037532303,"South Montebello, Commerce, CA",1383
6037502902,"Santa Fe Springs, CA",1381
6037212800,"Central LA, Los Angeles, CA",1377
6037554517,"Cerritos, CA",1371
6037221302,"Central LA, Los Angeles, CA",1370
6037702600,"Culver City, CA",1370
6037503802,"La Mirada, CA",1366
6037552602,"Norwalk, CA",1365
6037620702,"North Redondo, Redondo Beach, CA",1364
6037433306,"El Monte, CA",1364
6037602105,"Hawthorne, CA",1362
6037237800,"South Los Angeles, Los Angeles, CA",1359
6037532606,"Huntington Park, CA",1358
6037227020,"South Los Angeles, Los Angeles, CA",1358
6037218220,"Central LA, Los Angeles, CA",1356
6037531604,"East Los Angeles, CA",1356
6037540600,"South Los Angeles, Los Angeles, CA",1355
6037536000,"South Gate, CA",1354
6037533107,"Huntington Park, CA",1351
6037603802,"Lawndale, CA",1351
6037240402,"South Los Angeles, Los Angeles, CA",1348
6037530902,"Los Angeles, CA",1348
6037602505,"Hawthorne, CA",1348
6037502402,"El Rancho, Pico Rivera, CA",1347
6037551502,"Downey, CA",1346
6037554801,"Artesia, CA",1343
6037234000,"Leimert Park, Los Angeles, CA",1342
6037211910,"Central LA, Los Angeles, CA",1340
6037552001,"Norwalk, CA",1339
6037532603,"Huntington Park, CA",1339
6037481901,"Alhambra, CA",1338
6037192620,"Central LA, Los Angeles, CA",1335
6037530802,"Los Angeles, CA",1333
6037204600,"Boyle Heights, Los Angeles, CA",1331
6037212202,"Central LA, Los Angeles, CA",1329
6037572500,"West Side, Long Beach, CA",1326
6037533805,"Bell, CA",1326
6037433902,"El Monte, CA",1324
6037239601,"South Los Angeles, Los Angeles, CA",1324
6037501503,"Whittier, CA",1323
6037209102,"Central LA, Los Angeles, CA",1322
6059110303,"Buena Park, CA",1320
6037533501,"Huntington Park, CA",1319
6037212620,"Central LA, Los Angeles, CA",1318
6037203710,"Boyle Heights, Los Angeles, CA",1317
6037228900,"Central Alameda, Los Angeles, CA",1315
6037502500,"El Rancho, Pico Rivera, CA",1312
6037534203,"South Montebello, Bell Gardens, CA",1308
6037553400,"Downey, CA",1307
6037482503,"Garvey, Rosemead, CA",1304
6037201700,"Northeast Los Angeles, Los Angeles, CA",1302
6037554406,"Bellflower, CA",1302
6037209103,"Central LA, Los Angeles, CA",1302
6037554404,"Bellflower, CA",1301
6037571703,"Addams, Long Beach, CA",1299
6037204420,"Boyle Heights, Los Angeles, CA",1299
6037211310,"Central LA, Los Angeles, CA",1299
6037502005,"East Whitter, Whittier, CA",1296
6037534700,"Huntington Park, CA",1296
6037231210,"South Los Angeles, Los Angeles, CA",1296
6037650901,"Old Town Torrance, Torrance, CA",1295
6037224600,"South Figueroa Corridor, Los Angeles, CA",1295
6037482304,"Garvey, Rosemead, CA",1292
6037530102,"South Montebello, Montebello, CA",1292
6037572301,"Arlington, Long Beach, CA",1290
6037237102,"South Figueroa Corridor, Los Angeles, CA",1287
6037700600,"Beverly Hills, CA",1286
6037532605,"Huntington Park, CA",1285
6037602900,"Gardena, CA",1282
6037229410,"South Los Angeles, Los Angeles, CA",1281
6037232800,"South Figueroa Corridor, Los Angeles, CA",1280
6037701801,"Pico, Santa Monica, CA",1278
6037554204,"Bellflower, CA",1278
6037554302,"Bellflower, CA",1278
6037482600,"Garvey, Monterey Park, CA",1277
6037620501,"North Redondo, Redondo Beach, CA",1277
6037555104,"Lakewood, CA",1276
6037542106,"East Compton, CA",1276
6037231220,"South Figueroa Corridor, Los Angeles, CA",1275
6037543201,"Compton, CA",1275
6037242000,"South Los Angeles, Los Angeles, CA",1275
6059110304,"Buena Park, CA",1275
6037228210,"South Los Angeles, Los Angeles, CA",1272
6037231400,"Leimert Park, Los Angeles, CA",1272
6037480901,"Alhambra, CA",1271
6037241002,"South Los Angeles, Los Angeles, CA",1268
6037650001,"Torrance, CA",1267
6037620101,"El Segundo, CA",1266
6037551402,"Downey, CA",1265
6037237710,"South Figueroa Corridor, Los Angeles, CA",1263
6037600400,"South Los Angeles, Los Angeles, CA",1262
6059110116,"La Palma, CA",1261
6037232300,"South Los Angeles, Los Angeles, CA",1258
6037231500,"Leimert Park, Los Angeles, CA",1258
6037700902,"Beverly Hills, CA",1257
6037620400,"Manhattan Beach, CA",1255
6037503202,"East Whitter, Whittier, CA",1255
6037542601,"Compton, CA",1252
6037433601,"Garvey, Rosemead, CA",1248
6037532304,"South Montebello, Commerce, CA",1248
6037191810,"Central LA, Los Angeles, CA",1245
6037503902,"La Mirada, CA",1243
6037222100,"South Los Angeles, Los Angeles, CA",1243
6037239201,"South Los Angeles, Los Angeles, CA",1243
6037535400,"South Los Angeles, Los Angeles, CA",1239
6037222200,"South Los Angeles, Los Angeles, CA",1239
6037239801,"South Los Angeles, Los Angeles, CA",1237
6037228320,"South Los Angeles, Los Angeles, CA",1237
6037570003,"Lakewood, CA",1236
6037481712,"Garvey, Monterey Park, CA",1235
6037533403,"Maywood, CA",1234
6037542104,"East Compton, CA",1233
6037237401,"South Los Angeles, Los Angeles, CA",1227
6037542900,"Compton, CA",1225
6037571502,"Bixby North, Long Beach, CA",1224
6037235100,"Park Mesa Heights, Los Angeles, CA",1222
6037234700,"Park Mesa Heights, Los Angeles, CA",1222
6037237720,"South Figueroa Corridor, Los Angeles, CA",1221
6037531902,"South Montebello, East Los Angeles, CA",1218
6037209401,"Central LA, Los Angeles, CA",1217
6037221601,"Jefferson, Los Angeles, CA",1217
6037208620,"Central LA, Los Angeles, CA",1217
6037702801,"Clarkdale, Culver City, CA",1217
6037570001,"Lakewood, CA",1215
6037701201,"North of Montana, Santa Monica, CA",1215
6037433401,"South El Monte, CA",1215
6037551401,"Downey, CA",1214
6037552002,"Norwalk, CA",1213
6037408402,"La Puente, CA",1213
6037213202,"Central LA, Los Angeles, CA",1211
6037219700,"Jefferson, Los Angeles, CA",1209
6037500403,"El Rancho, Pico Rivera, CA",1207
6037540700,"South Los Angeles, Los Angeles, CA",1206
6037620602,"North Redondo, Redondo Beach, CA",1206
6037554511,"Cerritos, CA",1205
6037571900,"Bixby Knolls, Long Beach, CA",1205
6037554522,"Cerritos, CA",1204
6037239602,"South Los Angeles, Los Angeles, CA",1203
6037571101,"Lakewood, CA",1203
6037212900,"Central LA, Los Angeles, CA",1200
6037554001,"Bellflower, CA",1200
6037199120,"Montecito Heights, Los Angeles, CA",1200
6037530400,"Monterey Park, CA",1199
6037208302,"Central LA, Los Angeles, CA",1198
6037543503,"Torrance, CA",1198
6037531502,"East Los Angeles, CA",1196
6037650702,"Southwood, Torrance, CA",1196
6037237402,"South Los Angeles, Los Angeles, CA",1196
6037620301,"Manhattan Beach, CA",1194
6037554201,"Bellflower, CA",1194
6037197300,"Echo Park, Los Angeles, CA",1191
6037221110,"Central LA, Los Angeles, CA",1191
6037503106,"Whittier, CA",1191
6037621201,"South Redondo, Redondo Beach, CA",1190
6037482202,"Garvey, Monterey Park, CA",1189
6037214000,"Central LA, Los Angeles, CA",1189
6037531603,"East Los Angeles, CA",1187
6037275102,"Culver City, CA",1187
6037236100,"Baldwin Village, Los Angeles, CA",1186
6037201301,"Montecito Heights, Los Angeles, CA",1184
6037621301,"South Redondo, Redondo Beach, CA",1180
6037221120,"Central LA, Los Angeles, CA",1179
6037228420,"South Los Angeles, Los Angeles, CA",1178
6037199000,"Northeast Los Angeles, Los Angeles, CA",1177
6037197420,"Echo Park, Los Angeles, CA",1176
6037481606,"Alhambra, CA",1170
6037206010,"Central LA, Los Angeles, CA",1166
6037570402,"Coolidge Triangle, Long Beach, CA",1166
6037241400,"Harbor, Los Angeles, CA",1166
6037219800,"Los Angeles, CA",1164
6037703200,"View Park, View Park-Windsor Hills, CA",1163
6037501900,"East Whitter, Whittier, CA",1163
6037192700,"Central LA, Los Angeles, CA",1163
6037433503,"El Monte City, South El Monte, CA",1161
6037530601,"Los Angeles, CA",1161
6037651101,"Torrance, CA",1161
6037533201,"Huntington Park, CA",1160
6037554301,"Bellflower, CA",1160
6037572001,"Bixby Knolls, Long Beach, CA",1160
6037600911,"Inglewood, CA",1160
6037571400,"Lakewood Mutual, Lakewood, CA",1160
6037201503,"Northeast Los Angeles, Los Angeles, CA",1158
6037191420,"Central LA, Los Angeles, CA",1158
6037237201,"South Los Angeles, Los Angeles, CA",1158
6037199300,"Montecito Heights, Los Angeles, CA",1157
6037602002,"Hawthorne, CA",1156
6037603702,"Lawndale, CA",1156
6037620701,"North Redondo, Redondo Beach, CA",1154
6037204910,"Boyle Heights, Los Angeles, CA",1153
6037208610,"Central LA, Los Angeles, CA",1152
6037650101,"Northeast Torrance, Torrance, CA",1151
6037211703,"Central LA, Los Angeles, CA",1150
6037210010,"Central LA, Los Angeles, CA",1150
6037503601,"La Mirada, CA",1147
6037239320,"South Los Angeles, Los Angeles, CA",1145
6037650800,"Park Plaza, Torrance, CA",1144
6037541100,"Compton, CA",1144
6037204200,"Boyle Heights, Los Angeles, CA",1142
6037503105,"Whittier, CA",1141
6037571504,"Bixby Knolls, Long Beach, CA",1140
6037603400,"Gardena, CA",1139
6037291220,"Harbor, Gardena, CA",1139
6037432901,"Rosemead, CA",1137
6037211120,"Central LA, Los Angeles, CA",1136
6037208401,"Central LA, Los Angeles, CA",1136
6037185310,"Northeast Los Angeles, Los Angeles, CA",1134
6037482401,"Garvey, Rosemead, CA",1132
6037239501,"South Los Angeles, Los Angeles, CA",1132
6037531503,"East Los Angeles, CA",1131
6037532604,"Huntington Park, CA",1131
6037543502,"Torrance, CA",1126
6037201402,"Northeast Los Angeles, Los Angeles, CA",1122
6037542402,"Compton, CA",1118
6037503502,"East Whitter, Whittier, CA",1115
6037432401,"El Monte City, El Monte, CA",1115
6059110109,"Cypress, CA",1114
6037269601,"Central LA, Los Angeles, CA",1112
6037534403,"Cudahy, CA",1112
6037270200,"Palms, Los Angeles, CA",1112
6037276000,"Westchester, Los Angeles, CA",1109
6037702300,"Sunset Park, Santa Monica, CA",1108
6037552302,"Norwalk, CA",1108
6037554514,"Cerritos, CA",1107
6037503201,"East Whitter, Whittier, CA",1107
6037239502,"South Los Angeles, Los Angeles, CA",1106
6037702400,"Lucerne - Higuera, Culver City, CA",1105
6037199202,"Montecito Heights, Los Angeles, CA",1104
6037212420,"Central LA, Los Angeles, CA",1103
6037241110,"South Los Angeles, Los Angeles, CA",1102
6037211420,"Central LA, Los Angeles, CA",1102
6037234901,"Park Mesa Heights, Los Angeles, CA",1097
6037502302,"Whittier, CA",1097
6037543601,"Carson, CA",1096
6037191720,"Central LA, Los Angeles, CA",1095
6037238400,"South Los Angeles, Los Angeles, CA",1095
6037211500,"Central LA, Los Angeles, CA",1094
6037573800,"Carson Park, Long Beach, CA",1094
6037532700,"South Los Angeles, Los Angeles, CA",1092
6037208903,"Central LA, Los Angeles, CA",1092
6037221304,"Central LA, Los Angeles, CA",1092
6037620303,"Manhattan Beach, CA",1091
6037530204,"South Montebello, Montebello, CA",1090
6037192510,"Central LA, Los Angeles, CA",1089
6037541603,"Compton, CA",1082
6037203500,"Boyle Heights, Los Angeles, CA",1082
6037224320,"Central LA, Los Angeles, CA",1081
6037554516,"Cerritos, CA",1081
6037573700,"Carson Park, Long Beach, CA",1077
6037203300,"Northeast Los Angeles, Los Angeles, CA",1076
6037432300,"El Monte City, El Monte, CA",1076
6037208904,"Central LA, Los Angeles, CA",1075
6037543903,"Carson, CA",1074
6037550602,"Downey, CA",1073
6037554203,"Bellflower, CA",1073
6037291130,"Harbor, Gardena, CA",1069
6037208720,"Central LA, Los Angeles, CA",1066
6037555002,"Lakewood, CA",1066
6037533105,"Huntington Park, CA",1065
6037269500,"Beverlywood, Los Angeles, CA",1063
6037237500,"South Figueroa Corridor, Los Angeles, CA",1062
6037703100,"View Park, View Park-Windsor Hills, CA",1062
6037208502,"Central LA, Los Angeles, CA",1062
6037408303,"Whittier, CA",1061
6037530202,"South Montebello, Montebello, CA",1061
6037533002,"South Los Angeles, Los Angeles, CA",1059
6037269602,"Central LA, Los Angeles, CA",1059
6037434004,"El Monte, CA",1058
6037553503,"Paramount, CA",1054
6037219300,"Jefferson, Los Angeles, CA",1053
6037432202,"Rosemead, CA",1053
6037221220,"Central LA, Los Angeles, CA",1053
6037554600,"Norwalk, CA",1053
6037211000,"Central LA, Los Angeles, CA",1051
6037600302,"South Los Angeles, Los Angeles, CA",1051
6037236203,"Crenshaw, Los Angeles, CA",1048
6037221500,"South Los Angeles, Los Angeles, CA",1046
6037571300,"Lakewood, CA",1045
6037503402,"East Whitter, Whittier, CA",1045
6037192420,"Central LA, Los Angeles, CA",1043
6037212410,"Central LA, Los Angeles, CA",1042
6037185202,"Mount Washington, Los Angeles, CA",1040
6037541606,"Compton, CA",1040
6037532102,"South Montebello, Montebello, CA",1036
6037199700,"Central LA, Los Angeles, CA",1031
6037271802,"Palms, Los Angeles, CA",1029
6037212610,"Central LA, Los Angeles, CA",1029
6037213310,"Central LA, Los Angeles, CA",1028
6037232200,"South Los Angeles, Los Angeles, CA",1028
6037482701,"South Montebello, Monterey Park, CA",1027
6037197200,"Echo Park, Los Angeles, CA",1027
6037500202,"East Whitter, Whittier, CA",1026
6037232110,"South Figueroa Corridor, Los Angeles, CA",1025
6037480902,"Alhambra, CA",1021
6037650604,"Delthorne, Torrance, CA",1021
6037433700,"South El Monte, CA",1020
6037544002,"Long Beach, CA",1018
6037620601,"North Redondo, Redondo Beach, CA",1018
6037408302,"Whittier, CA",1018
6037204110,"Boyle Heights, Los Angeles, CA",1015
6037277000,"Westchester, Los Angeles, CA",1014
6037603102,"Gardena, CA",1014
6037530203,"South Montebello, Montebello, CA",1013
6037482502,"Garvey, Rosemead, CA",1011
6037650401,"Madrona, Torrance, CA",1009
6037291110,"Harbor, Los Angeles, CA",1008
6037533202,"Huntington Park, CA",1008
6037239330,"South Los Angeles, Los Angeles, CA",1006
6037237900,"South Los Angeles, Los Angeles, CA",1005
6037532002,"South Montebello, Montebello, CA",1002
6037234800,"Park Mesa Heights, Los Angeles, CA",1002
6037701000,"Beverly Hills, CA",1002
6037231100,"South Los Angeles, Los Angeles, CA",1000
6037224020,"South Los Angeles, Los Angeles, CA",1000
6037213201,"Central LA, Los Angeles, CA",998
6037211320,"Central LA, Los Angeles, CA",996
6037650004,"Northwest Torrance, Torrance, CA",995
6037275200,"Los Angeles, CA",994
6037542800,"Compton, CA",994
6037531102,"Los Angeles, CA",993
6037620001,"El Segundo, CA",993
6037221602,"Central LA, Los Angeles, CA",991
6037503301,"East Whitter, Whittier, CA",989
6037209104,"Central LA, Los Angeles, CA",986
6037236204,"Baldwin Village, Los Angeles, CA",983
6037550901,"Downey, CA",980
6037203900,"Boyle Heights, Los Angeles, CA",977
6037501001,"Whittier, CA",976
6037432201,"Rosemead, CA",975
6037273200,"Venice, Los Angeles, CA",975
6037212204,"Central LA, Los Angeles, CA",973
6037218110,"Central LA, Los Angeles, CA",972
6037212305,"Central LA, Los Angeles, CA",970
6037216900,"Central LA, Los Angeles, CA",968
6037503602,"La Mirada, CA",967
6037222001,"Jefferson, Los Angeles, CA",967
6037217002,"Central LA, Los Angeles, CA",967
6037650502,"West Torrance, Torrance, CA",966
6037535503,"South Gate, CA",966
6037269700,"Beverlywood, Los Angeles, CA",965
6037185320,"Northeast Los Angeles, Los Angeles, CA",962
6037212306,"Central LA, Los Angeles, CA",961
6037651002,"Southeast Torrance, Torrance, CA",960
6037482101,"Monterey Park, CA",960
6037571102,"Lakewood, CA",959
6037532001,"South Montebello, Montebello, CA",957
6037603101,"Gardena, CA",957
6037534802,"Huntington Park, CA",953
6037552400,"Norwalk, CA",953
6037482522,"South Montebello, Montebello, CA",952
6037234300,"Leimert Park, Los Angeles, CA",952
6037702501,"Carlson Park, Culver City, CA",951
6037195500,"Silver Lake, Los Angeles, CA",951
6037212502,"Central LA, Los Angeles, CA",950
6037273300,"Venice, Los Angeles, CA",950
6037277200,"Westchester, Los Angeles, CA",949
6037700901,"Central LA, Beverly Hills, CA",948
6037221210,"Central LA, Los Angeles, CA",945
6037550201,"Norwalk, CA",945
6037571600,"Carmelitos, Long Beach, CA",942
6037209402,"Central LA, Los Angeles, CA",941
6037217200,"Central LA, Los Angeles, CA",940
6037540201,"South Gate, CA",935
6037482800,"South Montebello, Monterey Park, CA",935
6037530006,"South Montebello, Montebello, CA",934
6037236400,"Baldwin Hills, Los Angeles, CA",934
6037481604,"Alhambra, CA",933
6037543701,"Carson, CA",933
6037620521,"North Redondo, Redondo Beach, CA",932
6037209403,"Central LA, Los Angeles, CA",929
6037269000,"Cheviot Hills, Los Angeles, CA",926
6037502003,"East Whitter, Whittier, CA",924
6037218500,"Central LA, Los Angeles, CA",924
6037650603,"Torrance, CA",924
6037503104,"Whittier, CA",923
6037224410,"South Los Angeles, Los Angeles, CA",923
6037481603,"Alhambra, CA",922
6037541002,"Carson, CA",921
6037208710,"Central LA, Los Angeles, CA",921
6037204410,"Central LA, Los Angeles, CA",921
6037199110,"Montecito Heights, Los Angeles, CA",917
6037204120,"Central LA, Los Angeles, CA",916
6037191710,"Central LA, Los Angeles, CA",915
6037534101,"South Montebello, Bell Gardens, CA",912
6037221710,"Jefferson, Los Angeles, CA",908
6037191820,"Central LA, Los Angeles, CA",908
6037195600,"Los Angeles, CA",907
6059110118,"Cypress, CA",902
6037241201,"South Los Angeles, Los Angeles, CA",901
6037209820,"Central LA, Los Angeles, CA",901
6037530004,"South Montebello, Montebello, CA",900
6037501504,"Whittier, CA",899
6037211202,"Central LA, Los Angeles, CA",898
6037211201,"Central LA, Los Angeles, CA",898
6037571503,"Bixby North, Long Beach, CA",897
6037211802,"Central LA, Los Angeles, CA",896
6037275311,"Los Angeles, CA",894
6037551201,"Downey, CA",892
6037211922,"Central LA, Los Angeles, CA",885
6037540400,"South Los Angeles, Los Angeles, CA",884
6037481001,"Alhambra, CA",883
6037204920,"Boyle Heights, Los Angeles, CA",882
6037481711,"Monterey Park, CA",880
6037218800,"Central LA, Los Angeles, CA",880
6037553300,"Bellflower, CA",879
6037197410,"Echo Park, Los Angeles, CA",878
6037620522,"North Redondo, Redondo Beach, CA",877
6037600702,"Morningside Park, Inglewood, CA",876
6037621400,"South Redondo, Redondo Beach, CA",876
6037701802,"Pico, Santa Monica, CA",875
6037603600,"Gardena, CA",874
6037555202,"El Dorado, Long Beach, CA",869
6037533203,"Huntington Park, CA",869
6037201200,"Northeast Los Angeles, Los Angeles, CA",869
6037501700,"East Whitter, Whittier, CA",868
6037212303,"Central LA, Los Angeles, CA",868
6037480803,"Alhambra, CA",865
6037187102,"Atwater Village, Los Angeles, CA",865
6037208402,"Central LA, Los Angeles, CA",859
6037481201,"Temple City, CA",859
6037276400,"Westchester, Los Angeles, CA",858
6037533503,"Huntington Park, CA",855
6037601211,"Inglewood, CA",854
6037209300,"Central LA, Los Angeles, CA",853
6037272302,"Mar Vista, Los Angeles, CA",851
6037481500,"Alhambra, CA",851
6037602700,"Hawthorne, CA",849
6037570902,"Lakewood, CA",848
6037533502,"Huntington Park, CA",845
6037433802,"South El Monte, CA",841
6037432902,"Rosemead, CA",840
6037276100,"Los Angeles, CA",840
6037221303,"Central LA, Los Angeles, CA",839
6037501802,"Whittier, CA",839
6037206032,"Central LA, Los Angeles, CA",838
6037701601,"Northeast, Santa Monica, CA",837
6037211410,"Central LA, Los Angeles, CA",836
6037543321,"Carson, CA",834
6037700801,"Beverly Hills, CA",834
6037209520,"Central LA, Los Angeles, CA",833
6037241300,"Harbor Gateway North, Los Angeles, CA",832
6037195802,"Central LA, Los Angeles, CA",832
6037500500,"El Rancho, Pico Rivera, CA",832
6037480802,"Alhambra, CA",831
6037261200,"Beverly Glen, Los Angeles, CA",830
6037209510,"Central LA, Los Angeles, CA",829
6037201602,"Northeast Los Angeles, Los Angeles, CA",828
6037650501,"West Torrance, Torrance, CA",827
6037501804,"Whittier, CA",824
6037554104,"Bellflower, CA",823
6037199900,"Montecito Heights, Los Angeles, CA",822
6037481902,"Alhambra, CA",821
6037433501,"El Monte City, South El Monte, CA",818
6037554519,"Cerritos, CA",818
6037271600,"Mar Vista, Los Angeles, CA",818
6037572002,"Bixby Knolls, Long Beach, CA",817
6037272100,"Mar Vista, Los Angeles, CA",817
6037197600,"Echo Park, Los Angeles, CA",816
6037271702,"Palms, Los Angeles, CA",815
6037271701,"Palms, Los Angeles, CA",813
6037481605,"Alhambra, CA",813
6037554405,"Bellflower, CA",812
6037216700,"Central LA, Los Angeles, CA",811
6037291120,"Harbor, Gardena, CA",810
6037201504,"Northeast Los Angeles, Los Angeles, CA",810
6037195720,"Echo Park, Los Angeles, CA",810
6037221401,"Jefferson, Los Angeles, CA",809
6037482201,"Monterey Park, CA",809
6037234501,"South Los Angeles, Los Angeles, CA",806
6037224200,"Central LA, Los Angeles, CA",805
6037554515,"Cerritos, CA",805
6037262200,"Bel Air, Los Angeles, CA",804
6037269300,"Cheviot Hills, Los Angeles, CA",802
6037219010,"South Los Angeles, Los Angeles, CA",799
6037201110,"Northeast Los Angeles, Los Angeles, CA",798
6037234502,"South Los Angeles, Los Angeles, CA",797
6037603301,"Gardena, CA",789
6037208501,"Central LA, Los Angeles, CA",789
6037271902,"Mar Vista, Los Angeles, CA",788
6059110115,"La Palma, CA",788
6037211803,"Central LA, Los Angeles, CA",788
6037504001,"La Mirada, CA",785
6037433602,"Garvey, Rosemead, CA",785
6037650003,"Northwest Torrance, Torrance, CA",785
6037535606,"South Gate, CA",785
6037603500,"Gardena, CA",780
6037208801,"Central LA, Los Angeles, CA",779
6037600801,"Morningside Park, Inglewood, CA",779
6037530005,"South Montebello, Montebello, CA",778
6037700700,"The Flats, Beverly Hills, CA",778
6037262802,"Pacific Palisades, Santa Monica, CA",774
6037603302,"Gardena, CA",774
6037269100,"Pico - Robertson, Los Angeles, CA",773
6037211122,"Central LA, Los Angeles, CA",770
6037235201,"Park Mesa Heights, Los Angeles, CA",766
6037536102,"South Gate, CA",763
6037214100,"Central LA, Los Angeles, CA",762
6037277100,"Westchester, Los Angeles, CA",762
6037209810,"Central LA, Los Angeles, CA",761
6037620305,"Manhattan Beach, CA",760
6037212702,"Central LA, Los Angeles, CA",759
6037480903,"Alhambra, CA",759
6037208802,"Central LA, Los Angeles, CA",756
6037192410,"Central LA, Los Angeles, CA",754
6037703001,"Fox Hills, Culver City, CA",753
6037433101,"El Monte City, El Monte, CA",753
6037224310,"Central LA, Los Angeles, CA",749
6037267501,"West Los Angeles, Los Angeles, CA",748
6037221402,"Central LA, Los Angeles, CA",747
6037212501,"Central LA, Los Angeles, CA",743
6037503901,"La Mirada, CA",743
6037530700,"Los Angeles, CA",741
6037262400,"Brentwood, Los Angeles, CA",739
6037702502,"Culver City, CA",737
6037702700,"Park West, Culver City, CA",737
6037212203,"Central LA, Los Angeles, CA",735
6037702803,"Los Angeles, CA",732
6037195400,"Silver Lake, Los Angeles, CA",727
6037211704,"Central LA, Los Angeles, CA",726
6037221810,"South Los Angeles, Los Angeles, CA",726
6037570100,"Ramona Park, Long Beach, CA",725
6037236000,"Baldwin Hills, Los Angeles, CA",725
6037481300,"Rosemead, CA",721
6037211804,"Central LA, Los Angeles, CA",719
6037702202,"Sunset Park, Santa Monica, CA",718
6037195804,"Silver Lake, Los Angeles, CA",716
6037432801,"El Monte City, El Monte, CA",715
6037218600,"Central LA, Los Angeles, CA",714
6037620002,"El Segundo, CA",712
6037218701,"Central LA, Los Angeles, CA",711
6037600601,"Inglewood, CA",706
6037195803,"Silver Lake, Los Angeles, CA",705
6037267100,"West Los Angeles, Los Angeles, CA",704
6037600501,"Inglewood, CA",701
6037262303,"Brentwood, Los Angeles, CA",700
6037600502,"Inglewood, CA",691
6037600802,"Morningside Park, Inglewood, CA",691
6037272202,"Mar Vista, Los Angeles, CA",689
6037208902,"Central LA, Los Angeles, CA",687
6037262100,"Bel Air, Los Angeles, CA",683
6037204820,"Boyle Heights, Los Angeles, CA",683
6037264000,"Brentwood, Los Angeles, CA",683
6037603703,"Hawthorne, CA",683
6037600704,"Morningside Park, Inglewood, CA",682
6037216200,"Central LA, Los Angeles, CA",680
6037570002,"Lakewood, CA",677
6037530301,"East Los Angeles, CA",677
6037702201,"Sunset Park, Santa Monica, CA",676
6037216300,"Central LA, Los Angeles, CA",673
6037620102,"El Segundo, CA",668
6037201601,"Northeast Los Angeles, Los Angeles, CA",667
6037273100,"Venice, Los Angeles, CA",667
6037602302,"HollyGlen, Hawthorne, CA",665
6037213320,"Central LA, Los Angeles, CA",662
6037191620,"Central LA, Los Angeles, CA",659
6037603006,"Gardena, CA",658
6037271300,"Mar Vista, Los Angeles, CA",655
6037533106,"Huntington Park, CA",650
6037700802,"Beverly Hills, CA",650
6037218702,"Jefferson, Los Angeles, CA",647
6037211921,"Central LA, Los Angeles, CA",646
6037211701,"Central LA, Los Angeles, CA",642
6037571800,"Bixby Knolls, Long Beach, CA",641
6037651221,"Southwood Riviera, Torrance, CA",638
6037271801,"Palms, Los Angeles, CA",634
6037224420,"South Los Angeles, Los Angeles, CA",634
6037500300,"Whittier, CA",634
6037269800,"Castle Heights, Los Angeles, CA",633
6037226001,"South Los Angeles, Los Angeles, CA",633
6037650102,"Northwest Torrance, Torrance, CA",632
6037267200,"West Los Angeles, Los Angeles, CA",631
6037224010,"Central LA, Los Angeles, CA",630
6037621001,"Hermosa Beach, CA",629
6037270300,"Central LA, Los Angeles, CA",627
6037620901,"Manhattan Beach, CA",620
6037206300,"Central LA, Los Angeles, CA",619
6037570702,"Lakewood Mutual, Lakewood, CA",615
6037276601,"Playa del Rey, Los Angeles, CA",613
6037208301,"Central LA, Los Angeles, CA",605
6037212304,"Central LA, Los Angeles, CA",598
6037271400,"Mar Vista, Los Angeles, CA",597
6037271901,"Mar Vista, Los Angeles, CA",597
6037482102,"Monterey Park, CA",597
6037270100,"Palms, Los Angeles, CA",595
6037213100,"Central LA, Los Angeles, CA",591
6037211121,"Central LA, Los Angeles, CA",588
6037272301,"Mar Vista, Los Angeles, CA",587
6037269904,"Palms, Los Angeles, CA",585
6037220100,"South Los Angeles, Los Angeles, CA",581
6037481713,"Monterey Park, CA",579
6037214502,"Central LA, Los Angeles, CA",579
6037216401,"Central LA, Los Angeles, CA",571
6037702102,"Ocean Park, Santa Monica, CA",570
6037216800,"Central LA, Los Angeles, CA",569
6037650701,"Southwood, Torrance, CA",564
6037221900,"South Los Angeles, Los Angeles, CA",563
6037554513,"Cerritos, CA",559
6037621004,"Hermosa Beach, CA",554
6037265700,"Westwood, Los Angeles, CA",553
6037530003,"South Montebello, Montebello, CA",553
6037291300,"Harbor, Gardena, CA",547
6037191901,"Central LA, Los Angeles, CA",544
6037195901,"Silver Lake, Los Angeles, CA",542
6037482702,"South Montebello, Monterey Park, CA",540
6037701501,"Wilshire Montana, Santa Monica, CA",538
6037195903,"Silver Lake, Los Angeles, CA",537
6037264302,"Brentwood, Los Angeles, CA",531
6037206031,"Arts District, Los Angeles, CA",528
6037269903,"Palms, Los Angeles, CA",525
6037702901,"Marina del Rey, CA",522
6037650605,"Delthorne, Torrance, CA",522
6037481800,"Alhambra, CA",515
6037482001,"Monterey Park, CA",511
6037262302,"Brentwood, Los Angeles, CA",511
6037278001,"Westchester, Los Angeles, CA",509
6037212701,"Central LA, Los Angeles, CA",508
6037620904,"Manhattan Beach, CA",506
6037217001,"Pico - Robertson, Los Angeles, CA",503
6037651102,"Torrance Heights Civic, Torrance, CA",501
6037554103,"Bellflower, CA",498
6037702802,"McLaughlin, Los Angeles, CA",494
6037226002,"Central LA, Los Angeles, CA",491
6037272201,"Mar Vista, Los Angeles, CA",491
6037621102,"Hermosa Beach, CA",489
6037433302,"El Monte, CA",488
6037702002,"Ocean Park, Santa Monica, CA",486
6037701402,"Wilshire Montana, Santa Monica, CA",482
6037543305,"Los Angeles County, CA",479
6037267800,"West Los Angeles, Los Angeles, CA",479
6037212101,"Central LA, Los Angeles, CA",473
6037530602,"Los Angeles, CA",473
6037191902,"Central LA, Los Angeles, CA",465
6037601301,"Inglewood, CA",465
6037481714,"Monterey Park, CA",464
6037273700,"Venice, Los Angeles, CA",462
6037195902,"Silver Lake, Los Angeles, CA",462
6037212102,"Central LA, Los Angeles, CA",461
6037271500,"Mar Vista, Los Angeles, CA",450
6037275602,"Westchester, Los Angeles, CA",450
6037701701,"Mid-City, Santa Monica, CA",445
6037276603,"Playa del Rey, Los Angeles, CA",444
6037501501,"Whittier, CA",439
6037269906,"Palms, Los Angeles, CA",437
6037621104,"Hermosa Beach, CA",436
6037271100,"West Los Angeles, Los Angeles, CA",433
6037267502,"West Los Angeles, Los Angeles, CA",430
6037700102,"Central LA, West Hollywood, CA",428
6037550400,"Downey, CA",424
6037221820,"Jefferson, Los Angeles, CA",423
6037269907,"Palms, Los Angeles, CA",419
6037265100,"Westwood, Los Angeles, CA",419
6037701202,"Wilshire Montana, Santa Monica, CA",414
6037234200,"Leimert Park, Los Angeles, CA",414
6037603200,"Gardena, CA",414
6037267600,"Sawtelle, Los Angeles, CA",412
6037275302,"Marina del Rey, CA",407
6037265520,"Westwood, Los Angeles, CA",405
6037207101,"Central LA, Los Angeles, CA",404
6037502802,"Santa Fe Springs, CA",402
6037216100,"Central LA, Los Angeles, CA",401
6037601001,"Inglewood, CA",399
6037209200,"Central LA, Los Angeles, CA",399
6037273902,"Venice, Los Angeles, CA",394
6037267402,"West Los Angeles, Los Angeles, CA",393
6037273800,"Venice, Los Angeles, CA",392
6037701502,"Downtown, Santa Monica, CA",385
6037271200,"Sawtelle, Los Angeles, CA",382
6037701702,"Downtown, Santa Monica, CA",380
6037273600,"Venice, Los Angeles, CA",379
6037701302,"Wilshire Montana, Santa Monica, CA",378
6037265602,"Westwood, Los Angeles, CA",374
6037269905,"Palms, Los Angeles, CA",368
6037267700,"Sawtelle, Los Angeles, CA",361
6037216402,"Central LA, Los Angeles, CA",357
6037267902,"Rancho Park, Los Angeles, CA",357
6037265601,"Westwood, Los Angeles, CA",356
6037701602,"Mid-City, Santa Monica, CA",355
6037267300,"West Los Angeles, Los Angeles, CA",354
6037541001,"Gardena, CA",351
6037262301,"Los Angeles, CA",351
6037275400,"Los Angeles, CA",350
6037214503,"Central LA, Los Angeles, CA",348
6037192002,"Central LA, Los Angeles, CA",342
6037265420,"Westwood, Los Angeles, CA",342
6037207102,"Central LA, Los Angeles, CA",338
6037276604,"Playa del Rey, Los Angeles, CA",336
6037700400,"Central LA, West Hollywood, CA",336
6037207900,"Central LA, Los Angeles, CA",334
6037206050,"Central LA, Los Angeles, CA",333
6037275101,"Culver City, CA",330
6037572400,"Upper Westside, Long Beach, CA",327
6037274202,"Venice, Marina del Rey, CA",322
6037572100,"Wrigley, Long Beach, CA",312
6037192001,"Central LA, Los Angeles, CA",309
6037621324,"South Redondo, Redondo Beach, CA",308
6037214501,"Central LA, Los Angeles, CA",307
6037603004,"Gardena, CA",306
6037276500,"Westchester, Los Angeles, CA",305
6037206200,"Central LA, Los Angeles, CA",302
6037278102,"Playa del Rey, Los Angeles, CA",301
6037600703,"Morningside Park, Inglewood, CA",295
6037219500,"South Los Angeles, Los Angeles, CA",289
6037700200,"Central LA, West Hollywood, CA",289
6037214700,"Beverly Grove, Los Angeles, CA",279
6037621326,"South Redondo, Redondo Beach, CA",278
6037207103,"Central LA, Los Angeles, CA",275
6037265201,"Westwood, Los Angeles, CA",262
6037267901,"Century City, Los Angeles, CA",258
6037274100,"Venice, Marina del Rey, CA",250
6037192300,"Central LA, Los Angeles, CA",250
6037265202,"Westwood, Los Angeles, CA",247
6037621204,"South Redondo, Redondo Beach, CA",238
6037265410,"Los Angeles, CA",237
6037194402,"Beverly Grove, Los Angeles, CA",234
6037214901,"Beverly Grove, West Hollywood, CA",229
6037207710,"Central LA, Los Angeles, CA",228
6037214600,"Central LA, Los Angeles, CA",222
6037194500,"Central LA, Los Angeles, CA",220
6037264301,"Brentwood, Los Angeles, CA",219
6037214800,"Beverly Grove, Los Angeles, CA",215
6037215102,"Central LA, Los Angeles, CA",207
6037264102,"Brentwood, Los Angeles, CA",200
6037265510,"Westwood, Los Angeles, CA",199
6037701902,"Downtown, Santa Monica, CA",194
6037214902,"Central LA, Los Angeles, CA",193
6037267403,"West Los Angeles, Los Angeles, CA",189
6037275603,"Culver City, CA",188
6037273502,"Venice, Los Angeles, CA",179
6037224700,"South Los Angeles, Los Angeles, CA",177
6037700300,"Central LA, West Hollywood, CA",176
6037267404,"Sawtelle, Los Angeles, CA",176
6037194401,"Beverly Grove, Los Angeles, CA",173
6037273402,"Venice, Los Angeles, CA",167
6037215101,"Central LA, Los Angeles, CA",165
6037264103,"Brentwood, Los Angeles, CA",162
6037550000,"Norwalk, CA",156
6037214400,"Central LA, Los Angeles, CA",145
6037700502,"Central LA, West Hollywood, CA",136
6037621002,"Hermosa Beach, CA",127
6037700501,"Central LA, West Hollywood, CA",119
6037265305,"Westwood, Los Angeles, CA",102
6037701100,"West Los Angeles, Los Angeles, CA",92
6037980014,"Los Angeles County, CA",87
6037207301,"Central LA, Los Angeles, CA",72
6037265303,"Westwood, Los Angeles, CA",63
6037207302,"Central LA, Los Angeles, CA",60
6037620201,"Manhattan Beach, CA",59
6037207502,"Downtown, Los Angeles, CA",58
6037980010,"Echo Park, Los Angeles, CA",56
6037207501,"Downtown, Los Angeles, CA",50
6037532400,"Vernon, CA",34
6037980030,"El Segundo, CA",
6037980006,"Long Beach, CA",
6037980005,"Torrance, CA",
6037265301,"Westwood, Los Angeles, CA",
6037980018,"Long Beach, CA",
6037980025,"Carson, CA",
6037980002,"Carson, CA",
6037980013,"El Segundo, CA",
6037207400,"Central LA, Los Angeles, CA",
6037551600,"Downey, CA",
6037206020,"Central LA, Los Angeles, CA",
6037980028,"Los Angeles, CA",
6037504102,"Norwalk, CA",
6037265304,"Westwood, Los Angeles, CA",
6037222700,"South Los Angeles, Los Angeles, CA",